date,channelGrouping,sessions,bounceRate,organicSearches,goal5ConversionRate,goal3ConversionRate
2019-01-01,(Other),1,100,0,0,0
2019-01-01,Direct,49,75.51020408163265,0,0,0
2019-01-01,Organic Search,59,59.32203389830508,35,0,0
2019-01-01,Paid Search,20,50,0,0,0
2019-01-01,Referral,7,57.14285714285714,0,0,0
2019-01-01,Social,6,50,0,0,0
2019-01-02,Direct,62,64.51612903225806,0,0,0
2019-01-02,Organic Search,114,46.49122807017544,78,0,0
2019-01-02,Paid Search,22,40.909090909090914,0,0,0
2019-01-02,Referral,8,75,0,0,0
2019-01-02,Social,8,50,0,0,0
2019-01-03,(Other),1,0,0,0,0
2019-01-03,Direct,56,71.42857142857143,0,0,0
2019-01-03,Organic Search,162,54.93827160493827,108,0,0
2019-01-03,Paid Search,30,30,0,0,0
2019-01-03,Referral,21,57.14285714285714,0,0,0
2019-01-03,Social,10,70,0,0,0
2019-01-04,(Other),1,100,0,0,0
2019-01-04,Direct,51,62.745098039215684,0,0,0
2019-01-04,Organic Search,139,43.884892086330936,99,0,0
2019-01-04,Paid Search,28,42.857142857142854,0,0,0
2019-01-04,Referral,8,87.5,0,0,0
2019-01-04,Social,12,75,0,0,0
2019-01-05,Direct,29,62.06896551724138,0,0,0
2019-01-05,Organic Search,67,55.223880597014926,46,0,0
2019-01-05,Paid Search,21,38.095238095238095,0,0,0
2019-01-05,Referral,8,50,0,0,0
2019-01-05,Social,5,60,0,0,0
2019-01-06,Direct,40,70,0,0,0
2019-01-06,Organic Search,96,52.083333333333336,68,0,0
2019-01-06,Paid Search,25,32,0,0,0
2019-01-06,Referral,16,87.5,0,0,0
2019-01-06,Social,10,90,0,0,0
2019-01-07,Direct,59,59.32203389830508,0,0,0
2019-01-07,Email,1,100,0,0,0
2019-01-07,Organic Search,175,48,123,0,0
2019-01-07,Paid Search,46,39.130434782608695,0,0,0
2019-01-07,Referral,12,66.66666666666666,0,0,0
2019-01-07,Social,33,69.6969696969697,0,0,0
2019-01-08,Direct,73,65.75342465753424,0,0,0
2019-01-08,Organic Search,168,51.78571428571429,103,0,0
2019-01-08,Paid Search,45,42.22222222222222,0,0,0
2019-01-08,Referral,8,62.5,0,0,0
2019-01-08,Social,44,77.27272727272727,0,0,0
2019-01-09,Direct,87,60.91954022988506,0,0,0
2019-01-09,Organic Search,171,47.953216374269005,116,0,0
2019-01-09,Paid Search,40,37.5,0,0,0
2019-01-09,Referral,12,50,0,0,0
2019-01-09,Social,40,77.5,0,0,0
2019-01-10,Direct,62,64.51612903225806,0,0,0
2019-01-10,Organic Search,177,48.0225988700565,106,0,0
2019-01-10,Paid Search,33,27.27272727272727,0,0,0
2019-01-10,Referral,16,56.25,0,0,0
2019-01-10,Social,94,81.91489361702128,0,0,0
2019-01-11,Direct,56,62.5,0,0,0
2019-01-11,Organic Search,135,56.2962962962963,98,0,0
2019-01-11,Paid Search,34,52.94117647058824,0,0,0
2019-01-11,Referral,27,70.37037037037037,0,0,0
2019-01-11,Social,31,77.41935483870968,0,0,0
2019-01-12,Direct,29,75.86206896551724,0,0,0
2019-01-12,Email,1,0,0,0,0
2019-01-12,Organic Search,68,61.76470588235294,50,0,0
2019-01-12,Paid Search,23,47.82608695652174,0,0,0
2019-01-12,Referral,8,75,0,0,0
2019-01-12,Social,18,72.22222222222221,0,0,0
2019-01-13,Direct,32,75,0,0,0
2019-01-13,Organic Search,89,55.0561797752809,47,0,0
2019-01-13,Paid Search,26,42.30769230769231,0,0,0
2019-01-13,Referral,8,87.5,0,0,0
2019-01-13,Social,12,66.66666666666666,0,0,0
2019-01-14,Direct,54,62.96296296296296,0,0,0
2019-01-14,Organic Search,213,50.23474178403756,134,0,0
2019-01-14,Paid Search,44,18.181818181818183,0,0,0
2019-01-14,Referral,21,47.61904761904761,0,0,0
2019-01-14,Social,26,50,0,0,0
2019-01-15,Direct,41,53.65853658536586,0,0,0
2019-01-15,Organic Search,165,48.484848484848484,116,0,0
2019-01-15,Paid Search,46,43.47826086956522,0,0,0
2019-01-15,Referral,20,55.00000000000001,0,0,0
2019-01-15,Social,13,69.23076923076923,0,0,0
2019-01-16,Direct,41,48.78048780487805,0,0,0
2019-01-16,Organic Search,209,51.196172248803826,144,0,0
2019-01-16,Paid Search,45,31.11111111111111,0,0,0
2019-01-16,Referral,24,58.333333333333336,0,0,0
2019-01-16,Social,46,76.08695652173914,0,0,0
2019-01-17,Direct,60,60,0,0,0
2019-01-17,Organic Search,175,50.857142857142854,123,0,0
2019-01-17,Paid Search,39,38.46153846153847,0,0,0
2019-01-17,Referral,17,52.94117647058824,0,0,0
2019-01-17,Social,37,72.97297297297297,0,0,0
2019-01-18,Direct,43,65.11627906976744,0,0,0
2019-01-18,Email,12,75,0,0,0
2019-01-18,Organic Search,139,51.798561151079134,92,0,0
2019-01-18,Paid Search,33,33.33333333333333,0,0,0
2019-01-18,Referral,12,58.333333333333336,0,0,0
2019-01-18,Social,16,62.5,0,0,0
2019-01-19,(Other),2,0,0,0,0
2019-01-19,Direct,23,69.56521739130434,0,0,0
2019-01-19,Email,1,100,0,0,0
2019-01-19,Organic Search,78,56.41025641025641,51,0,0
2019-01-19,Paid Search,25,48,0,0,0
2019-01-19,Referral,5,80,0,0,0
2019-01-19,Social,10,60,0,0,0
2019-01-20,(Other),1,0,0,0,0
2019-01-20,Direct,26,69.23076923076923,0,0,0
2019-01-20,Email,1,100,0,0,0
2019-01-20,Organic Search,106,51.886792452830186,65,0,0
2019-01-20,Paid Search,35,34.285714285714285,0,0,0
2019-01-20,Referral,7,85.71428571428571,0,0,0
2019-01-20,Social,7,28.57142857142857,0,0,0
2019-01-21,Direct,49,65.3061224489796,0,0,0
2019-01-21,Email,1,100,0,0,0
2019-01-21,Organic Search,190,43.684210526315795,126,0,0
2019-01-21,Paid Search,62,35.483870967741936,0,0,0
2019-01-21,Referral,11,72.72727272727273,0,0,0
2019-01-21,Social,44,77.27272727272727,0,0,0
2019-01-22,Direct,53,60.37735849056604,0,0,0
2019-01-22,Email,1,100,0,0,0
2019-01-22,Organic Search,179,45.2513966480447,128,0,0
2019-01-22,Paid Search,44,45.45454545454545,0,0,0
2019-01-22,Referral,15,66.66666666666666,0,0,0
2019-01-22,Social,21,57.14285714285714,0,0,0
2019-01-23,Direct,74,64.86486486486487,0,0,0
2019-01-23,Organic Search,160,56.25,121,0,0
2019-01-23,Paid Search,73,58.9041095890411,0,0,0
2019-01-23,Referral,11,72.72727272727273,0,0,0
2019-01-23,Social,18,44.44444444444444,0,0,0
2019-01-24,Direct,98,69.38775510204081,0,0,0
2019-01-24,Organic Search,181,51.93370165745856,132,0,0
2019-01-24,Paid Search,82,56.09756097560976,0,0,0
2019-01-24,Referral,9,33.33333333333333,0,0,0
2019-01-24,Social,92,76.08695652173914,0,0,0
2019-01-25,Direct,74,63.51351351351351,0,0,0
2019-01-25,Email,2,50,0,0,0
2019-01-25,Organic Search,170,51.17647058823529,114,0,0
2019-01-25,Paid Search,87,64.36781609195403,0,0,0
2019-01-25,Referral,8,62.5,0,0,0
2019-01-25,Social,36,91.66666666666666,0,0,0
2019-01-26,Direct,70,84.28571428571429,0,0,0
2019-01-26,Organic Search,65,46.15384615384615,47,0,0
2019-01-26,Paid Search,78,64.1025641025641,0,0,0
2019-01-26,Referral,1,100,0,0,0
2019-01-26,Social,24,83.33333333333334,0,0,0
2019-01-27,Direct,65,75.38461538461539,0,0,0
2019-01-27,Organic Search,96,55.208333333333336,73,0,0
2019-01-27,Paid Search,71,73.23943661971832,0,0,0
2019-01-27,Referral,6,33.33333333333333,0,0,0
2019-01-27,Social,22,81.81818181818183,0,0,0
2019-01-28,(Other),1,0,0,0,0
2019-01-28,Direct,90,67.77777777777779,0,1.1111111111111112,2.2222222222222223
2019-01-28,Email,1,100,0,0,0
2019-01-28,Organic Search,142,40.140845070422536,107,1.4084507042253522,1.4084507042253522
2019-01-28,Paid Search,73,67.12328767123287,0,0,0
2019-01-28,Referral,13,61.53846153846154,0,0,0
2019-01-28,Social,15,80,0,0,0
2019-01-29,Direct,92,64.13043478260869,0,0,0
2019-01-29,Email,1,100,0,0,0
2019-01-29,Organic Search,177,54.23728813559322,128,0,0.5649717514124294
2019-01-29,Paid Search,86,48.837209302325576,0,0,0
2019-01-29,Referral,13,53.84615384615385,0,0,0
2019-01-29,Social,104,73.07692307692307,0,1.9230769230769231,1.9230769230769231
2019-01-30,Direct,103,66.01941747572816,0,0,0
2019-01-30,Email,2,50,0,0,0
2019-01-30,Organic Search,201,51.243781094527364,131,2.4875621890547266,0.4975124378109453
2019-01-30,Paid Search,7,57.14285714285714,0,0,0
2019-01-30,Referral,13,84.61538461538461,0,0,0
2019-01-30,Social,135,77.03703703703704,0,1.4814814814814816,1.4814814814814816
2019-01-31,Direct,82,73.17073170731707,0,0,0
2019-01-31,Email,1,0,0,0,0
2019-01-31,Organic Search,187,50.26737967914438,113,0,0
2019-01-31,Paid Search,3,33.33333333333333,0,0,0
2019-01-31,Referral,10,50,0,0,0
2019-01-31,Social,88,55.68181818181818,0,3.4090909090909087,2.272727272727273
2019-02-01,Direct,142,62.676056338028175,0,0.7042253521126761,0
2019-02-01,Email,1,100,0,0,0
2019-02-01,Organic Search,176,48.29545454545455,116,0.5681818181818182,0
2019-02-01,Paid Search,61,37.704918032786885,0,0,0
2019-02-01,Referral,13,53.84615384615385,0,0,0
2019-02-01,Social,74,62.16216216216216,0,0,0
2019-02-02,Direct,72,69.44444444444444,0,0,1.3888888888888888
2019-02-02,Organic Search,79,32.91139240506329,56,1.2658227848101267,1.2658227848101267
2019-02-02,Paid Search,37,51.35135135135135,0,0,0
2019-02-02,Referral,6,33.33333333333333,0,0,0
2019-02-02,Social,58,68.96551724137932,0,1.7241379310344827,3.4482758620689653
2019-02-03,Direct,66,63.63636363636363,0,0,0
2019-02-03,Organic Search,102,59.80392156862745,79,0,0
2019-02-03,Paid Search,42,54.761904761904766,0,2.380952380952381,0
2019-02-03,Referral,3,33.33333333333333,0,0,0
2019-02-03,Social,55,69.0909090909091,0,0,0
2019-02-04,Direct,113,64.60176991150442,0,1.7699115044247788,0
2019-02-04,Organic Search,190,50.526315789473685,124,0.5263157894736842,0.5263157894736842
2019-02-04,Paid Search,47,44.680851063829785,0,2.127659574468085,4.25531914893617
2019-02-04,Referral,16,25,0,0,0
2019-02-04,Social,51,62.745098039215684,0,0,0
2019-02-05,Direct,111,73.87387387387388,0,0,0.9009009009009009
2019-02-05,Organic Search,228,49.122807017543856,146,1.7543859649122806,0.43859649122807015
2019-02-05,Paid Search,54,53.70370370370371,0,0,1.8518518518518516
2019-02-05,Referral,13,38.46153846153847,0,7.6923076923076925,0
2019-02-05,Social,112,77.67857142857143,0,0,0
2019-02-06,Direct,76,71.05263157894737,0,0,0
2019-02-06,Organic Search,177,49.717514124293785,119,2.2598870056497176,0
2019-02-06,Paid Search,67,43.28358208955223,0,4.477611940298507,1.4925373134328357
2019-02-06,Referral,13,53.84615384615385,0,7.6923076923076925,0
2019-02-06,Social,89,73.03370786516854,0,0,0
2019-02-07,Direct,114,66.66666666666666,0,1.7543859649122806,0.8771929824561403
2019-02-07,Organic Search,190,54.21052631578947,130,0,0
2019-02-07,Paid Search,53,50.943396226415096,0,3.7735849056603774,0
2019-02-07,Referral,17,58.82352941176471,0,0,0
2019-02-07,Social,93,70.96774193548387,0,0,0
2019-02-08,Direct,114,64.91228070175438,0,0,0
2019-02-08,Organic Search,186,53.2258064516129,127,1.0752688172043012,0
2019-02-08,Paid Search,55,54.54545454545454,0,0,0
2019-02-08,Referral,13,53.84615384615385,0,0,0
2019-02-08,Social,77,77.92207792207793,0,0,0
2019-02-09,(Other),1,0,0,0,0
2019-02-09,Direct,72,63.888888888888886,0,1.3888888888888888,0
2019-02-09,Organic Search,97,52.57731958762887,63,0,0
2019-02-09,Paid Search,43,51.162790697674424,0,2.3255813953488373,0
2019-02-09,Referral,5,80,0,0,0
2019-02-09,Social,49,61.224489795918366,0,0,0
2019-02-10,Direct,67,74.6268656716418,0,0,0
2019-02-10,Organic Search,113,50.442477876106196,67,0.8849557522123894,0.8849557522123894
2019-02-10,Paid Search,41,63.41463414634146,0,2.4390243902439024,0
2019-02-10,Referral,6,33.33333333333333,0,0,0
2019-02-10,Social,49,65.3061224489796,0,0,0
2019-02-11,Direct,82,60.97560975609756,0,0,0
2019-02-11,Organic Search,164,56.09756097560976,112,0,0
2019-02-11,Paid Search,65,46.15384615384615,0,1.5384615384615385,0
2019-02-11,Referral,13,69.23076923076923,0,0,0
2019-02-11,Social,81,82.71604938271605,0,0,0
2019-02-12,(Other),3,66.66666666666666,0,0,0
2019-02-12,Direct,96,67.70833333333334,0,0,0
2019-02-12,Organic Search,215,49.30232558139535,144,0,0.9302325581395349
2019-02-12,Paid Search,73,53.42465753424658,0,1.36986301369863,0
2019-02-12,Referral,14,71.42857142857143,0,0,0
2019-02-12,Social,71,63.38028169014085,0,0,0
2019-02-13,(Other),1,100,0,0,0
2019-02-13,Direct,67,68.65671641791045,0,0,1.4925373134328357
2019-02-13,Organic Search,197,61.42131979695431,135,0,0
2019-02-13,Paid Search,50,52,0,0,0
2019-02-13,Referral,17,70.58823529411765,0,0,0
2019-02-13,Social,15,66.66666666666666,0,0,0
2019-02-14,(Other),44,90.9090909090909,0,0,0
2019-02-14,Direct,75,82.66666666666667,0,0,0
2019-02-14,Organic Search,188,54.25531914893617,113,1.5957446808510638,0.5319148936170213
2019-02-14,Paid Search,53,45.28301886792453,0,0,0
2019-02-14,Referral,16,56.25,0,0,0
2019-02-14,Social,38,76.31578947368422,0,0,0
2019-02-15,(Other),19,84.21052631578947,0,0,0
2019-02-15,Direct,71,71.83098591549296,0,0,0
2019-02-15,Organic Search,149,54.36241610738255,102,0.6711409395973155,0
2019-02-15,Paid Search,50,52,0,4,0
2019-02-15,Referral,13,38.46153846153847,0,0,0
2019-02-15,Social,44,88.63636363636364,0,0,0
2019-02-16,(Other),10,80,0,0,0
2019-02-16,Direct,47,70.2127659574468,0,0,2.127659574468085
2019-02-16,Organic Search,101,58.415841584158414,79,0,0
2019-02-16,Paid Search,52,53.84615384615385,0,5.769230769230769,0
2019-02-16,Referral,6,66.66666666666666,0,0,0
2019-02-16,Social,32,78.125,0,0,0
2019-02-17,(Other),20,70,0,0,0
2019-02-17,Direct,45,66.66666666666666,0,0,0
2019-02-17,Organic Search,108,56.481481481481474,80,0.9259259259259258,0
2019-02-17,Paid Search,49,46.93877551020408,0,0,0
2019-02-17,Referral,5,80,0,0,0
2019-02-17,Social,44,79.54545454545455,0,0,0
2019-02-18,(Other),20,85,0,0,0
2019-02-18,Direct,77,63.63636363636363,0,0,0
2019-02-18,Organic Search,198,50,128,0.5050505050505051,1.0101010101010102
2019-02-18,Paid Search,71,49.29577464788733,0,4.225352112676056,0
2019-02-18,Referral,15,46.666666666666664,0,0,0
2019-02-18,Social,22,72.72727272727273,0,0,0
2019-02-19,(Other),17,76.47058823529412,0,0,0
2019-02-19,Direct,74,71.62162162162163,0,0,0
2019-02-19,Organic Search,165,57.57575757575758,113,0.6060606060606061,0
2019-02-19,Paid Search,71,49.29577464788733,0,1.4084507042253522,0
2019-02-19,Referral,11,54.54545454545454,0,0,0
2019-02-19,Social,31,77.41935483870968,0,0,0
2019-02-20,(Other),22,72.72727272727273,0,0,0
2019-02-20,Direct,64,62.5,0,1.5625,0
2019-02-20,Organic Search,192,50.520833333333336,136,2.083333333333333,0
2019-02-20,Paid Search,219,45.20547945205479,0,0.91324200913242,0.45662100456621
2019-02-20,Referral,25,52,0,0,0
2019-02-20,Social,29,72.41379310344827,0,0,0
2019-02-21,(Other),17,88.23529411764706,0,0,0
2019-02-21,Direct,72,72.22222222222221,0,0,0
2019-02-21,Organic Search,164,59.14634146341463,104,0.6097560975609756,0
2019-02-21,Paid Search,74,44.5945945945946,0,0,0
2019-02-21,Referral,13,30.76923076923077,0,0,0
2019-02-21,Social,17,76.47058823529412,0,0,0
2019-02-22,(Other),18,83.33333333333334,0,0,0
2019-02-22,Direct,53,73.58490566037736,0,0,0
2019-02-22,Organic Search,154,61.038961038961034,108,1.948051948051948,0
2019-02-22,Paid Search,67,50.74626865671642,0,2.9850746268656714,0
2019-02-22,Referral,14,21.428571428571427,0,0,0
2019-02-22,Social,21,71.42857142857143,0,4.761904761904762,0
2019-02-23,(Other),13,76.92307692307693,0,0,0
2019-02-23,Direct,34,79.41176470588235,0,0,0
2019-02-23,Organic Search,82,54.87804878048781,53,1.2195121951219512,0
2019-02-23,Paid Search,39,53.84615384615385,0,0,0
2019-02-23,Referral,4,25,0,25,0
2019-02-23,Social,24,75,0,0,0
2019-02-24,(Other),16,87.5,0,0,0
2019-02-24,Direct,56,71.42857142857143,0,0,0
2019-02-24,Organic Search,100,54,72,0,0
2019-02-24,Paid Search,40,55.00000000000001,0,0,0
2019-02-24,Referral,4,50,0,0,0
2019-02-24,Social,21,76.19047619047619,0,0,0
2019-02-25,(Other),30,80,0,0,0
2019-02-25,Direct,90,71.11111111111111,0,1.1111111111111112,0
2019-02-25,Organic Search,213,52.58215962441315,146,1.4084507042253522,0
2019-02-25,Paid Search,65,50.76923076923077,0,0,0
2019-02-25,Referral,32,53.125,0,3.125,6.25
2019-02-25,Social,176,81.25,0,0.5681818181818182,0.5681818181818182
2019-02-26,(Other),15,93.33333333333333,0,0,0
2019-02-26,Direct,66,65.15151515151516,0,0,0
2019-02-26,Organic Search,180,55.00000000000001,123,0.5555555555555556,0.5555555555555556
2019-02-26,Paid Search,56,41.07142857142857,0,1.7857142857142856,0
2019-02-26,Referral,16,43.75,0,0,0
2019-02-26,Social,73,73.97260273972603,0,1.36986301369863,0
2019-02-27,(Other),17,94.11764705882352,0,0,0
2019-02-27,Direct,75,74.66666666666667,0,0,0
2019-02-27,Email,7,57.14285714285714,0,0,0
2019-02-27,Organic Search,177,55.367231638418076,123,1.1299435028248588,0.5649717514124294
2019-02-27,Paid Search,54,53.70370370370371,0,1.8518518518518516,0
2019-02-27,Referral,19,57.89473684210527,0,0,0
2019-02-27,Social,108,75,0,0.9259259259259258,0.9259259259259258
2019-02-28,(Other),20,90,0,0,0
2019-02-28,Direct,60,61.66666666666667,0,3.3333333333333335,0
2019-02-28,Organic Search,180,53.888888888888886,119,1.1111111111111112,0
2019-02-28,Paid Search,64,43.75,0,3.125,0
2019-02-28,Referral,17,47.05882352941176,0,5.88235294117647,0
2019-02-28,Social,82,78.04878048780488,0,0,0
2019-03-01,Direct,67,70.1492537313433,0,1.4925373134328357,0
2019-03-01,Email,111,69.36936936936937,0,1.8018018018018018,0.9009009009009009
2019-03-01,Organic Search,167,50.29940119760479,117,0.5988023952095809,0
2019-03-01,Paid Search,53,56.60377358490566,0,0,0
2019-03-01,Referral,20,50,0,0,0
2019-03-01,Social,69,84.05797101449275,0,0,1.4492753623188406
2019-03-02,(Other),2,0,0,0,0
2019-03-02,Direct,31,74.19354838709677,0,0,0
2019-03-02,Email,14,57.14285714285714,0,0,0
2019-03-02,Organic Search,87,64.36781609195403,51,0,0
2019-03-02,Paid Search,30,53.333333333333336,0,0,0
2019-03-02,Referral,8,75,0,0,0
2019-03-02,Social,57,82.45614035087719,0,0,0
2019-03-03,(Other),2,100,0,0,0
2019-03-03,Direct,50,76,0,0,0
2019-03-03,Email,12,50,0,0,0
2019-03-03,Organic Search,97,50.51546391752577,63,2.0618556701030926,0
2019-03-03,Paid Search,46,56.52173913043478,0,0,0
2019-03-03,Referral,7,57.14285714285714,0,0,0
2019-03-03,Social,62,80.64516129032258,0,0,1.6129032258064515
2019-03-04,(Other),5,40,0,0,0
2019-03-04,Direct,64,75,0,0,0
2019-03-04,Email,14,50,0,7.142857142857142,7.142857142857142
2019-03-04,Organic Search,186,47.31182795698925,111,2.1505376344086025,0
2019-03-04,Paid Search,69,47.82608695652174,0,0,0
2019-03-04,Referral,36,41.66666666666667,0,0,0
2019-03-04,Social,68,83.82352941176471,0,0,0
2019-03-05,(Other),4,50,0,0,0
2019-03-05,Direct,68,69.11764705882352,0,0,1.4705882352941175
2019-03-05,Email,4,25,0,0,0
2019-03-05,Organic Search,167,47.30538922155689,107,1.7964071856287425,0
2019-03-05,Paid Search,79,43.037974683544306,0,1.2658227848101267,0
2019-03-05,Referral,23,52.17391304347826,0,0,0
2019-03-05,Social,56,80.35714285714286,0,0,1.7857142857142856
2019-03-06,(Other),1,100,0,0,0
2019-03-06,Direct,53,67.9245283018868,0,0,0
2019-03-06,Email,5,80,0,0,0
2019-03-06,Organic Search,161,52.17391304347826,112,0,0.6211180124223602
2019-03-06,Paid Search,73,58.9041095890411,0,0,0
2019-03-06,Referral,19,63.1578947368421,0,0,0
2019-03-06,Social,95,82.10526315789474,0,0,0
2019-03-07,(Other),4,100,0,0,0
2019-03-07,Direct,77,71.42857142857143,0,0,0
2019-03-07,Email,4,75,0,0,0
2019-03-07,Organic Search,174,48.275862068965516,116,0,0.5747126436781609
2019-03-07,Paid Search,73,52.054794520547944,0,0,0
2019-03-07,Referral,19,73.68421052631578,0,0,0
2019-03-07,Social,51,82.35294117647058,0,0,0
2019-03-08,Direct,74,64.86486486486487,0,0,0
2019-03-08,Email,3,100,0,0,0
2019-03-08,Organic Search,130,50.76923076923077,94,0,0
2019-03-08,Paid Search,65,50.76923076923077,0,0,0
2019-03-08,Referral,19,73.68421052631578,0,0,0
2019-03-08,Social,38,73.68421052631578,0,0,0
2019-03-09,(Other),1,100,0,0,0
2019-03-09,Direct,35,74.28571428571429,0,0,0
2019-03-09,Email,2,50,0,0,0
2019-03-09,Organic Search,73,54.794520547945204,52,0,0
2019-03-09,Paid Search,41,63.41463414634146,0,0,0
2019-03-09,Referral,7,28.57142857142857,0,0,0
2019-03-09,Social,29,82.75862068965517,0,0,0
2019-03-10,(Other),5,60,0,0,0
2019-03-10,Direct,48,62.5,0,0,0
2019-03-10,Email,2,50,0,0,0
2019-03-10,Organic Search,106,60.37735849056604,76,0,0
2019-03-10,Paid Search,39,56.41025641025641,0,0,0
2019-03-10,Referral,6,66.66666666666666,0,0,0
2019-03-10,Social,34,85.29411764705883,0,0,0
2019-03-11,(Other),1,0,0,0,0
2019-03-11,Direct,77,53.246753246753244,0,1.2987012987012987,0
2019-03-11,Organic Search,144,48.61111111111111,102,0,0
2019-03-11,Paid Search,65,58.46153846153847,0,0,0
2019-03-11,Referral,25,60,0,0,0
2019-03-11,Social,29,58.620689655172406,0,3.4482758620689653,0
2019-03-12,(Other),2,50,0,0,0
2019-03-12,Direct,56,60.71428571428571,0,1.7857142857142856,0
2019-03-12,Organic Search,179,53.63128491620112,123,0.5586592178770949,1.1173184357541899
2019-03-12,Paid Search,70,52.85714285714286,0,0,0
2019-03-12,Referral,38,65.78947368421053,0,0,0
2019-03-12,Social,16,68.75,0,0,0
2019-03-13,(Other),4,75,0,0,0
2019-03-13,Direct,121,64.46280991735537,0,0,0
2019-03-13,Email,2,50,0,0,0
2019-03-13,Organic Search,224,50,149,0,0
2019-03-13,Paid Search,59,47.45762711864407,0,1.694915254237288,0
2019-03-13,Referral,78,67.94871794871796,0,0,0
2019-03-13,Social,103,79.6116504854369,0,0,0
2019-03-14,(Other),1,100,0,0,0
2019-03-14,Direct,105,60.952380952380956,0,0,0
2019-03-14,Email,141,62.4113475177305,0,0,0
2019-03-14,Organic Search,210,49.523809523809526,139,0,0.4761904761904762
2019-03-14,Paid Search,87,45.97701149425287,0,1.1494252873563218,2.2988505747126435
2019-03-14,Referral,76,65.78947368421053,0,1.3157894736842104,1.3157894736842104
2019-03-14,Social,77,63.63636363636363,0,0,0
2019-03-15,(Other),1,0,0,0,0
2019-03-15,Direct,74,78.37837837837837,0,0,0
2019-03-15,Email,31,54.83870967741935,0,0,0
2019-03-15,Organic Search,193,55.95854922279793,122,0,0
2019-03-15,Paid Search,59,62.71186440677966,0,0,0
2019-03-15,Referral,60,56.666666666666664,0,0,0
2019-03-15,Social,43,69.76744186046511,0,0,0
2019-03-16,Direct,52,73.07692307692307,0,0,0
2019-03-16,Email,9,44.44444444444444,0,0,0
2019-03-16,Organic Search,90,55.55555555555556,59,1.1111111111111112,0
2019-03-16,Paid Search,41,26.82926829268293,0,7.317073170731707,0
2019-03-16,Referral,7,57.14285714285714,0,0,0
2019-03-16,Social,20,85,0,0,0
2019-03-17,(Other),2,0,0,0,0
2019-03-17,Direct,44,77.27272727272727,0,0,0
2019-03-17,Email,4,75,0,0,0
2019-03-17,Organic Search,88,55.68181818181818,67,1.1363636363636365,1.1363636363636365
2019-03-17,Paid Search,43,48.837209302325576,0,0,0
2019-03-17,Referral,6,33.33333333333333,0,0,0
2019-03-17,Social,18,77.77777777777779,0,0,0
2019-03-18,(Other),2,0,0,0,0
2019-03-18,Direct,86,65.11627906976744,0,0,0
2019-03-18,Email,9,44.44444444444444,0,0,0
2019-03-18,Organic Search,204,54.90196078431373,147,0.49019607843137253,0
2019-03-18,Paid Search,81,49.382716049382715,0,0,0
2019-03-18,Referral,52,51.92307692307693,0,0,0
2019-03-18,Social,23,52.17391304347826,0,0,0
2019-03-19,(Other),2,100,0,0,0
2019-03-19,Direct,82,58.536585365853654,0,0,0
2019-03-19,Email,5,80,0,0,0
2019-03-19,Organic Search,175,61.71428571428571,125,0,0
2019-03-19,Paid Search,70,51.42857142857142,0,1.4285714285714286,0
2019-03-19,Referral,40,45,0,2.5,2.5
2019-03-19,Social,79,79.74683544303798,0,1.2658227848101267,0
2019-03-20,(Other),3,66.66666666666666,0,0,0
2019-03-20,Direct,78,53.84615384615385,0,0,0
2019-03-20,Email,2,50,0,0,0
2019-03-20,Organic Search,177,58.19209039548022,128,0,0.5649717514124294
2019-03-20,Paid Search,73,39.726027397260275,0,0,2.73972602739726
2019-03-20,Referral,31,48.38709677419355,0,0,0
2019-03-20,Social,24,58.333333333333336,0,0,0
2019-03-21,(Other),5,80,0,0,0
2019-03-21,Direct,84,54.761904761904766,0,1.1904761904761905,1.1904761904761905
2019-03-21,Organic Search,166,57.22891566265061,117,0.6024096385542169,0
2019-03-21,Paid Search,70,47.14285714285714,0,1.4285714285714286,0
2019-03-21,Referral,39,56.41025641025641,0,0,0
2019-03-21,Social,61,73.77049180327869,0,0,0
2019-03-22,(Other),4,50,0,0,0
2019-03-22,Direct,69,66.66666666666666,0,0,0
2019-03-22,Email,2,0,0,0,0
2019-03-22,Organic Search,163,47.85276073619632,112,0,0
2019-03-22,Paid Search,71,35.2112676056338,0,0,0
2019-03-22,Referral,27,55.55555555555556,0,0,0
2019-03-22,Social,32,78.125,0,6.25,0
2019-03-23,(Other),4,50,0,0,0
2019-03-23,Direct,44,75,0,0,0
2019-03-23,Email,1,100,0,0,0
2019-03-23,Organic Search,83,55.42168674698795,59,0,0
2019-03-23,Paid Search,50,66,0,2,0
2019-03-23,Referral,11,54.54545454545454,0,0,0
2019-03-23,Social,32,65.625,0,0,0
2019-03-24,(Other),2,0,0,0,0
2019-03-24,Direct,47,63.829787234042556,0,0,0
2019-03-24,Email,1,100,0,0,0
2019-03-24,Organic Search,104,62.5,81,0,0
2019-03-24,Paid Search,52,42.30769230769231,0,1.9230769230769231,0
2019-03-24,Referral,9,77.77777777777779,0,0,0
2019-03-24,Social,21,71.42857142857143,0,0,0
2019-03-25,Direct,88,61.36363636363637,0,2.272727272727273,0
2019-03-25,Email,2,0,0,0,0
2019-03-25,Organic Search,195,56.41025641025641,134,0,0
2019-03-25,Paid Search,56,44.642857142857146,0,1.7857142857142856,0
2019-03-25,Referral,21,47.61904761904761,0,0,0
2019-03-25,Social,24,75,0,4.166666666666666,0
2019-03-26,(Other),7,57.14285714285714,0,0,0
2019-03-26,Direct,78,82.05128205128204,0,0,0
2019-03-26,Organic Search,182,62.637362637362635,135,1.098901098901099,0
2019-03-26,Paid Search,86,46.51162790697674,0,0,0
2019-03-26,Referral,46,76.08695652173914,0,0,0
2019-03-26,Social,30,83.33333333333334,0,0,0
2019-03-27,(Other),3,100,0,0,0
2019-03-27,Direct,74,68.91891891891892,0,0,0
2019-03-27,Organic Search,183,48.63387978142077,128,0,0
2019-03-27,Paid Search,66,46.96969696969697,0,3.0303030303030303,0
2019-03-27,Referral,46,63.04347826086957,0,0,0
2019-03-27,Social,67,65.67164179104478,0,0,0
2019-03-28,(Other),2,50,0,0,0
2019-03-28,Direct,68,69.11764705882352,0,0,0
2019-03-28,Email,1,0,0,0,0
2019-03-28,Organic Search,164,54.87804878048781,115,0,0
2019-03-28,Paid Search,87,49.42528735632184,0,0,0
2019-03-28,Referral,32,65.625,0,0,0
2019-03-28,Social,33,54.54545454545454,0,0,0
2019-03-29,(Other),3,66.66666666666666,0,0,0
2019-03-29,Direct,141,56.73758865248227,0,0,0
2019-03-29,Email,9,33.33333333333333,0,0,0
2019-03-29,Organic Search,149,51.67785234899329,102,0.6711409395973155,0
2019-03-29,Paid Search,60,40,0,0,0
2019-03-29,Referral,46,54.347826086956516,0,0,0
2019-03-29,Social,85,49.411764705882355,0,1.1764705882352942,0
2019-03-30,(Other),2,100,0,0,0
2019-03-30,Direct,54,64.81481481481481,0,0,0
2019-03-30,Organic Search,81,62.96296296296296,49,0,0
2019-03-30,Paid Search,31,41.935483870967744,0,0,0
2019-03-30,Referral,16,56.25,0,0,0
2019-03-30,Social,31,67.74193548387096,0,0,0
2019-03-31,(Other),1,100,0,0,0
2019-03-31,Direct,35,65.71428571428571,0,0,0
2019-03-31,Email,3,66.66666666666666,0,0,0
2019-03-31,Organic Search,92,65.21739130434783,68,0,0
2019-03-31,Paid Search,31,45.16129032258064,0,3.225806451612903,0
2019-03-31,Referral,7,57.14285714285714,0,0,0
2019-03-31,Social,29,58.620689655172406,0,0,0
2019-04-01,(Other),2,0,0,0,0
2019-04-01,Direct,77,63.63636363636363,0,1.2987012987012987,0
2019-04-01,Email,2,50,0,0,0
2019-04-01,Organic Search,148,60.13513513513513,110,0.6756756756756757,0
2019-04-01,Paid Search,60,40,0,1.6666666666666667,0
2019-04-01,Referral,23,60.86956521739131,0,0,0
2019-04-01,Social,26,76.92307692307693,0,0,0
2019-04-02,(Other),1,100,0,0,0
2019-04-02,Direct,104,72.11538461538461,0,0,0
2019-04-02,Email,3,100,0,0,0
2019-04-02,Organic Search,176,51.70454545454546,128,1.1363636363636365,0
2019-04-02,Paid Search,52,42.30769230769231,0,1.9230769230769231,0
2019-04-02,Referral,27,48.148148148148145,0,0,0
2019-04-02,Social,38,63.1578947368421,0,2.631578947368421,0
2019-04-03,(Other),2,50,0,0,0
2019-04-03,Direct,104,64.42307692307693,0,0.9615384615384616,0
2019-04-03,Email,3,66.66666666666666,0,0,0
2019-04-03,Organic Search,173,52.601156069364166,132,2.312138728323699,0
2019-04-03,Paid Search,76,51.31578947368421,0,1.3157894736842104,0
2019-04-03,Referral,52,71.15384615384616,0,0,0
2019-04-03,Social,81,60.49382716049383,0,1.2345679012345678,0
2019-04-04,(Other),6,50,0,0,0
2019-04-04,Direct,106,56.60377358490566,0,2.8301886792452833,0
2019-04-04,Email,2,50,0,0,0
2019-04-04,Organic Search,168,52.38095238095239,112,0,0.5952380952380952
2019-04-04,Paid Search,63,50.79365079365079,0,1.5873015873015872,0
2019-04-04,Referral,19,42.10526315789473,0,0,0
2019-04-04,Social,49,67.3469387755102,0,0,0
2019-04-05,(Other),1,100,0,0,0
2019-04-05,Direct,152,71.05263157894737,0,0,0
2019-04-05,Organic Search,153,59.47712418300654,107,0,0
2019-04-05,Paid Search,58,58.620689655172406,0,0,0
2019-04-05,Referral,29,68.96551724137932,0,0,0
2019-04-05,Social,35,65.71428571428571,0,0,0
2019-04-06,(Other),1,100,0,0,0
2019-04-06,Direct,58,79.3103448275862,0,0,0
2019-04-06,Organic Search,95,54.736842105263165,63,1.0526315789473684,1.0526315789473684
2019-04-06,Paid Search,48,54.166666666666664,0,4.166666666666666,2.083333333333333
2019-04-06,Referral,10,60,0,10,0
2019-04-06,Social,22,59.09090909090909,0,0,0
2019-04-07,(Other),2,100,0,0,0
2019-04-07,Direct,36,72.22222222222221,0,0,0
2019-04-07,Email,1,0,0,0,0
2019-04-07,Organic Search,121,55.371900826446286,77,0,0.8264462809917356
2019-04-07,Paid Search,46,47.82608695652174,0,0,0
2019-04-07,Referral,10,70,0,0,0
2019-04-07,Social,30,66.66666666666666,0,0,0
2019-04-08,(Other),2,100,0,0,0
2019-04-08,Direct,67,65.67164179104478,0,0,1.4925373134328357
2019-04-08,Email,13,61.53846153846154,0,0,7.6923076923076925
2019-04-08,Organic Search,179,51.39664804469274,123,0,0.5586592178770949
2019-04-08,Paid Search,70,48.57142857142857,0,0,0
2019-04-08,Referral,25,64,0,0,0
2019-04-08,Social,26,53.84615384615385,0,0,0
2019-04-09,(Other),2,0,0,0,0
2019-04-09,Direct,67,61.19402985074627,0,1.4925373134328357,0
2019-04-09,Email,5,80,0,0,0
2019-04-09,Organic Search,176,51.70454545454546,129,0,0
2019-04-09,Paid Search,68,47.05882352941176,0,0,1.4705882352941175
2019-04-09,Referral,27,48.148148148148145,0,3.7037037037037033,0
2019-04-09,Social,52,90.38461538461539,0,0,0
2019-04-10,(Other),4,25,0,25,0
2019-04-10,Direct,97,69.0721649484536,0,0,0
2019-04-10,Email,6,33.33333333333333,0,0,0
2019-04-10,Organic Search,173,51.445086705202314,125,0,0.5780346820809248
2019-04-10,Paid Search,58,43.103448275862064,0,0,1.7241379310344827
2019-04-10,Referral,17,64.70588235294117,0,0,0
2019-04-10,Social,45,60,0,0,0
2019-04-11,(Other),2,50,0,0,0
2019-04-11,Direct,77,70.12987012987013,0,0,0
2019-04-11,Email,7,42.857142857142854,0,0,0
2019-04-11,Organic Search,195,56.92307692307692,133,0,0
2019-04-11,Paid Search,57,43.859649122807014,0,0,0
2019-04-11,Referral,21,71.42857142857143,0,0,0
2019-04-11,Social,30,56.666666666666664,0,0,0
2019-04-12,(Other),1,100,0,0,0
2019-04-12,Direct,59,76.27118644067797,0,0,0
2019-04-12,Email,2,50,0,0,0
2019-04-12,Organic Search,147,60.544217687074834,111,0,0
2019-04-12,Paid Search,55,56.36363636363636,0,1.8181818181818181,1.8181818181818181
2019-04-12,Referral,13,76.92307692307693,0,0,0
2019-04-12,Social,21,76.19047619047619,0,0,0
2019-04-13,Direct,43,74.4186046511628,0,0,0
2019-04-13,Email,1,100,0,0,0
2019-04-13,Organic Search,85,55.294117647058826,59,0,1.1764705882352942
2019-04-13,Paid Search,34,61.76470588235294,0,0,0
2019-04-13,Referral,8,75,0,0,0
2019-04-13,Social,11,54.54545454545454,0,9.090909090909092,0
2019-04-14,(Other),2,50,0,0,0
2019-04-14,Direct,46,67.3913043478261,0,2.1739130434782608,0
2019-04-14,Organic Search,88,53.40909090909091,65,1.1363636363636365,0
2019-04-14,Paid Search,49,46.93877551020408,0,2.0408163265306123,0
2019-04-14,Referral,12,75,0,0,0
2019-04-14,Social,11,81.81818181818183,0,0,0
2019-04-15,(Other),1,0,0,0,0
2019-04-15,Direct,60,65,0,1.6666666666666667,0
2019-04-15,Email,3,100,0,0,0
2019-04-15,Organic Search,183,51.91256830601093,128,0,0.546448087431694
2019-04-15,Paid Search,58,41.37931034482759,0,0,3.4482758620689653
2019-04-15,Referral,20,60,0,0,0
2019-04-15,Social,19,63.1578947368421,0,0,0
2019-04-16,(Other),2,100,0,0,0
2019-04-16,Direct,57,66.66666666666666,0,0,0
2019-04-16,Email,1,0,0,0,0
2019-04-16,Organic Search,184,45.65217391304348,125,0,1.0869565217391304
2019-04-16,Paid Search,60,55.00000000000001,0,0,1.6666666666666667
2019-04-16,Referral,18,44.44444444444444,0,0,0
2019-04-16,Social,14,42.857142857142854,0,0,7.142857142857142
2019-04-17,(Other),5,80,0,0,0
2019-04-17,Direct,49,61.224489795918366,0,2.0408163265306123,0
2019-04-17,Email,1,100,0,0,0
2019-04-17,Organic Search,139,50.35971223021583,93,0,1.4388489208633095
2019-04-17,Paid Search,63,61.904761904761905,0,0,0
2019-04-17,Referral,29,44.827586206896555,0,0,0
2019-04-17,Social,20,85,0,0,0
2019-04-18,(Other),2,50,0,0,0
2019-04-18,Direct,61,67.21311475409836,0,1.639344262295082,0
2019-04-18,Email,1,100,0,0,0
2019-04-18,Organic Search,154,49.35064935064935,102,0,0
2019-04-18,Paid Search,54,51.85185185185185,0,0,0
2019-04-18,Referral,23,56.52173913043478,0,0,0
2019-04-18,Social,18,61.111111111111114,0,0,0
2019-04-19,(Other),2,100,0,0,0
2019-04-19,Direct,42,78.57142857142857,0,0,0
2019-04-19,Email,1,100,0,0,0
2019-04-19,Organic Search,119,52.10084033613446,67,0.8403361344537815,0
2019-04-19,Paid Search,37,56.75675675675676,0,0,0
2019-04-19,Referral,16,62.5,0,0,0
2019-04-19,Social,11,72.72727272727273,0,0,0
2019-04-20,(Other),4,50,0,0,0
2019-04-20,Direct,22,81.81818181818183,0,0,0
2019-04-20,Organic Search,83,61.44578313253012,61,0,0
2019-04-20,Paid Search,28,60.71428571428571,0,0,0
2019-04-20,Referral,10,40,0,0,0
2019-04-20,Social,1,100,0,0,0
2019-04-21,Direct,33,69.6969696969697,0,0,0
2019-04-21,Organic Search,59,71.1864406779661,41,0,0
2019-04-21,Paid Search,23,52.17391304347826,0,0,0
2019-04-21,Referral,1,0,0,0,0
2019-04-21,Social,8,100,0,0,0
2019-04-22,(Other),5,40,0,0,0
2019-04-22,Direct,71,77.46478873239437,0,1.4084507042253522,0
2019-04-22,Organic Search,104,60.57692307692307,74,0,0
2019-04-22,Paid Search,53,54.71698113207547,0,0,0
2019-04-22,Referral,14,42.857142857142854,0,0,0
2019-04-22,Social,15,66.66666666666666,0,0,0
2019-04-23,(Other),9,55.55555555555556,0,0,0
2019-04-23,Direct,109,62.38532110091744,0,0,0
2019-04-23,Email,2,100,0,0,0
2019-04-23,Organic Search,214,49.532710280373834,152,0.9345794392523363,0.9345794392523363
2019-04-23,Paid Search,87,51.724137931034484,0,0,1.1494252873563218
2019-04-23,Referral,33,60.60606060606061,0,0,0
2019-04-23,Social,56,58.92857142857143,0,0,0
2019-04-24,(Other),68,97.05882352941177,0,0,0
2019-04-24,Direct,95,54.736842105263165,0,0,0
2019-04-24,Organic Search,260,35,191,0,0.38461538461538464
2019-04-24,Paid Search,111,42.34234234234234,0,0.9009009009009009,0.9009009009009009
2019-04-24,Referral,30,63.33333333333333,0,0,0
2019-04-24,Social,54,70.37037037037037,0,0,0
2019-04-25,(Other),46,89.13043478260869,0,0,0
2019-04-25,Direct,70,67.14285714285714,0,0,0
2019-04-25,Email,1,0,0,0,0
2019-04-25,Organic Search,198,50.505050505050505,129,0,1.0101010101010102
2019-04-25,Paid Search,86,41.86046511627907,0,0,0
2019-04-25,Referral,29,68.96551724137932,0,0,0
2019-04-25,Social,36,75,0,0,0
2019-04-26,(Other),48,89.58333333333334,0,0,0
2019-04-26,Direct,82,58.536585365853654,0,0,0
2019-04-26,Display,4,50,0,0,0
2019-04-26,Organic Search,216,44.44444444444444,143,0,0.4629629629629629
2019-04-26,Paid Search,85,51.76470588235295,0,0,2.3529411764705883
2019-04-26,Referral,17,41.17647058823529,0,0,0
2019-04-26,Social,36,52.77777777777778,0,0,0
2019-04-27,(Other),54,98.14814814814815,0,0,0
2019-04-27,Direct,53,79.24528301886792,0,0,0
2019-04-27,Display,6,66.66666666666666,0,0,0
2019-04-27,Organic Search,111,44.14414414414414,63,0.9009009009009009,0.9009009009009009
2019-04-27,Paid Search,47,53.191489361702125,0,0,0
2019-04-27,Referral,8,87.5,0,0,0
2019-04-27,Social,31,61.29032258064516,0,0,0
2019-04-28,(Other),63,96.82539682539682,0,0,0
2019-04-28,Direct,43,72.09302325581395,0,0,0
2019-04-28,Display,9,44.44444444444444,0,0,0
2019-04-28,Organic Search,100,54,63,1,1
2019-04-28,Paid Search,46,52.17391304347826,0,0,0
2019-04-28,Referral,6,66.66666666666666,0,0,0
2019-04-28,Social,33,51.515151515151516,0,0,0
2019-04-29,(Other),81,98.76543209876543,0,0,0
2019-04-29,Direct,77,61.038961038961034,0,0,0
2019-04-29,Display,18,33.33333333333333,0,0,0
2019-04-29,Organic Search,214,46.26168224299065,137,0.46728971962616817,0.46728971962616817
2019-04-29,Paid Search,102,47.05882352941176,0,0.9803921568627451,0
2019-04-29,Referral,29,58.620689655172406,0,0,0
2019-04-29,Social,16,56.25,0,0,0
2019-04-30,(Other),60,91.66666666666666,0,0,0
2019-04-30,Direct,66,60.60606060606061,0,0,0
2019-04-30,Display,20,60,0,0,0
2019-04-30,Email,1,0,0,0,0
2019-04-30,Organic Search,208,44.230769230769226,136,1.9230769230769231,0.4807692307692308
2019-04-30,Paid Search,84,52.38095238095239,0,0,0
2019-04-30,Referral,21,38.095238095238095,0,0,0
2019-04-30,Social,73,68.4931506849315,0,0,0
2019-05-01,(Other),38,89.47368421052632,0,0,0
2019-05-01,Direct,66,62.121212121212125,0,0,0
2019-05-01,Organic Search,225,52.888888888888886,155,0.8888888888888888,0.8888888888888888
2019-05-01,Paid Search,101,45.54455445544555,0,0,0.9900990099009901
2019-05-01,Referral,22,54.54545454545454,0,0,0
2019-05-01,Social,73,71.23287671232876,0,0,1.36986301369863
2019-05-02,(Other),38,100,0,0,0
2019-05-02,Direct,94,62.76595744680851,0,0,0
2019-05-02,Organic Search,182,51.098901098901095,116,0.5494505494505495,0.5494505494505495
2019-05-02,Paid Search,81,44.44444444444444,0,0,2.4691358024691357
2019-05-02,Referral,18,50,0,0,0
2019-05-02,Social,37,72.97297297297297,0,0,0
2019-05-03,(Other),42,83.33333333333334,0,0,0
2019-05-03,Direct,53,67.9245283018868,0,0,0
2019-05-03,Organic Search,160,50.625,105,0,0
2019-05-03,Paid Search,67,53.73134328358209,0,0,0
2019-05-03,Referral,18,50,0,0,0
2019-05-03,Social,37,62.16216216216216,0,0,2.7027027027027026
2019-05-04,(Other),46,93.47826086956522,0,0,0
2019-05-04,Direct,25,72,0,0,0
2019-05-04,Email,1,100,0,0,0
2019-05-04,Organic Search,96,50,64,1.0416666666666665,0
2019-05-04,Paid Search,57,47.368421052631575,0,0,1.7543859649122806
2019-05-04,Referral,7,57.14285714285714,0,0,0
2019-05-04,Social,25,80,0,0,0
2019-05-05,(Other),32,90.625,0,0,0
2019-05-05,Direct,43,62.7906976744186,0,2.3255813953488373,0
2019-05-05,Organic Search,94,52.12765957446809,66,1.0638297872340425,1.0638297872340425
2019-05-05,Paid Search,41,48.78048780487805,0,0,2.4390243902439024
2019-05-05,Referral,11,27.27272727272727,0,0,0
2019-05-05,Social,26,38.46153846153847,0,0,0
2019-05-06,(Other),24,95.83333333333334,0,0,0
2019-05-06,Direct,73,78.08219178082192,0,0,0
2019-05-06,Organic Search,147,49.65986394557823,108,0,1.3605442176870748
2019-05-06,Paid Search,91,53.84615384615385,0,0,0
2019-05-06,Referral,10,30,0,0,0
2019-05-06,Social,43,74.4186046511628,0,0,2.3255813953488373
2019-05-07,(Other),35,88.57142857142857,0,0,0
2019-05-07,Direct,69,68.11594202898551,0,0,0
2019-05-07,Email,1,0,0,0,0
2019-05-07,Organic Search,216,46.2962962962963,137,0.9259259259259258,0
2019-05-07,Paid Search,113,40.707964601769916,0,0.8849557522123894,0
2019-05-07,Referral,20,40,0,0,0
2019-05-07,Social,30,50,0,3.3333333333333335,0
2019-05-08,(Other),24,91.66666666666666,0,0,0
2019-05-08,Direct,65,64.61538461538461,0,0,0
2019-05-08,Email,1,100,0,0,0
2019-05-08,Organic Search,266,46.616541353383454,189,0,0
2019-05-08,Paid Search,104,51.92307692307693,0,0.9615384615384616,0
2019-05-08,Referral,20,55.00000000000001,0,0,0
2019-05-08,Social,24,58.333333333333336,0,0,0
2019-05-09,(Other),23,86.95652173913044,0,0,0
2019-05-09,Direct,74,66.21621621621621,0,0,0
2019-05-09,Email,1,0,0,0,0
2019-05-09,Organic Search,232,46.98275862068966,153,0.43103448275862066,0.8620689655172413
2019-05-09,Paid Search,103,53.398058252427184,0,0,0
2019-05-09,Referral,19,63.1578947368421,0,0,0
2019-05-09,Social,126,74.60317460317461,0,0.7936507936507936,0
2019-05-10,(Other),25,92,0,0,0
2019-05-10,Direct,76,72.36842105263158,0,0,0
2019-05-10,Email,1,100,0,0,0
2019-05-10,Organic Search,186,54.83870967741935,134,0,0
2019-05-10,Paid Search,89,59.55056179775281,0,2.247191011235955,0
2019-05-10,Referral,11,63.63636363636363,0,0,0
2019-05-10,Social,76,78.94736842105263,0,0,0
2019-05-11,(Other),32,84.375,0,0,0
2019-05-11,Direct,37,64.86486486486487,0,0,0
2019-05-11,Email,2,50,0,0,0
2019-05-11,Organic Search,96,51.041666666666664,74,0,0
2019-05-11,Paid Search,44,45.45454545454545,0,0,0
2019-05-11,Referral,2,50,0,0,0
2019-05-11,Social,44,72.72727272727273,0,0,0
2019-05-12,(Other),41,85.36585365853658,0,0,0
2019-05-12,Direct,35,62.857142857142854,0,2.857142857142857,0
2019-05-12,Organic Search,96,46.875,61,0,0
2019-05-12,Paid Search,52,46.15384615384615,0,0,0
2019-05-12,Referral,3,33.33333333333333,0,0,0
2019-05-12,Social,35,65.71428571428571,0,0,0
2019-05-13,(Other),30,76.66666666666667,0,0,0
2019-05-13,Direct,37,67.56756756756756,0,0,0
2019-05-13,Organic Search,185,47.56756756756757,145,0,0
2019-05-13,Paid Search,94,54.25531914893617,0,0,0
2019-05-13,Referral,16,56.25,0,0,0
2019-05-13,Social,41,68.29268292682927,0,0,0
2019-05-14,(Other),38,84.21052631578947,0,0,0
2019-05-14,Direct,70,51.42857142857142,0,0,0
2019-05-14,Organic Search,180,48.888888888888886,120,0.5555555555555556,1.1111111111111112
2019-05-14,Paid Search,84,52.38095238095239,0,0,0
2019-05-14,Referral,19,63.1578947368421,0,0,0
2019-05-14,Social,61,73.77049180327869,0,0,0
2019-05-15,(Other),35,88.57142857142857,0,0,0
2019-05-15,Direct,54,55.55555555555556,0,0,0
2019-05-15,Organic Search,202,54.95049504950495,142,0,0
2019-05-15,Paid Search,80,43.75,0,0,0
2019-05-15,Referral,19,63.1578947368421,0,0,0
2019-05-15,Social,29,41.37931034482759,0,0,0
2019-05-16,(Other),54,90.74074074074075,0,0,0
2019-05-16,Direct,53,54.71698113207547,0,0,0
2019-05-16,Organic Search,207,49.275362318840585,131,0,0.4830917874396135
2019-05-16,Paid Search,110,46.36363636363636,0,0,0
2019-05-16,Referral,9,77.77777777777779,0,0,0
2019-05-16,Social,32,62.5,0,0,0
2019-05-17,(Other),34,97.05882352941177,0,0,0
2019-05-17,Direct,55,58.18181818181818,0,0,0
2019-05-17,Organic Search,175,53.142857142857146,122,1.1428571428571428,0
2019-05-17,Paid Search,90,46.666666666666664,0,0,0
2019-05-17,Referral,17,47.05882352941176,0,0,0
2019-05-17,Social,46,50,0,0,2.1739130434782608
2019-05-18,(Other),42,92.85714285714286,0,0,0
2019-05-18,Direct,40,60,0,0,0
2019-05-18,Organic Search,113,49.557522123893804,75,0,0
2019-05-18,Paid Search,74,56.75675675675676,0,0,0
2019-05-18,Referral,7,85.71428571428571,0,0,0
2019-05-18,Social,83,60.24096385542169,0,0,0
2019-05-19,(Other),47,89.36170212765957,0,0,0
2019-05-19,Direct,69,69.56521739130434,0,0,1.4492753623188406
2019-05-19,Organic Search,143,46.85314685314685,99,0,0
2019-05-19,Paid Search,89,52.80898876404494,0,0,0
2019-05-19,Referral,7,42.857142857142854,0,0,0
2019-05-19,Social,64,50,0,0,1.5625
2019-05-20,(Other),43,86.04651162790698,0,0,0
2019-05-20,Direct,67,58.2089552238806,0,0,0
2019-05-20,Organic Search,213,47.417840375586856,160,0,0.4694835680751174
2019-05-20,Paid Search,151,40.397350993377486,0,0,1.3245033112582782
2019-05-20,Referral,11,27.27272727272727,0,0,0
2019-05-20,Social,122,74.59016393442623,0,0,0
2019-05-21,(Other),46,80.43478260869566,0,0,0
2019-05-21,Direct,70,72.85714285714285,0,0,0
2019-05-21,Organic Search,195,49.23076923076923,141,0,0
2019-05-21,Paid Search,139,48.92086330935252,0,0,0
2019-05-21,Referral,16,43.75,0,0,0
2019-05-21,Social,102,60.78431372549019,0,0,0.9803921568627451
2019-05-22,(Other),48,85.41666666666666,0,0,0
2019-05-22,Direct,70,62.857142857142854,0,0,0
2019-05-22,Organic Search,187,50.80213903743316,135,0,1.06951871657754
2019-05-22,Paid Search,89,51.68539325842697,0,0,0
2019-05-22,Referral,23,39.130434782608695,0,0,0
2019-05-22,Social,108,77.77777777777779,0,0,0
2019-05-23,(Other),42,90.47619047619048,0,0,0
2019-05-23,Direct,69,66.66666666666666,0,0,0
2019-05-23,Organic Search,196,53.06122448979592,130,0,0
2019-05-23,Paid Search,89,50.56179775280899,0,0,0
2019-05-23,Referral,25,52,0,0,0
2019-05-23,Social,125,75.2,0,0,0
2019-05-24,(Other),34,85.29411764705883,0,0,0
2019-05-24,Direct,95,68.42105263157895,0,0,0
2019-05-24,Organic Search,187,53.475935828877006,136,0,0.53475935828877
2019-05-24,Paid Search,64,50,0,0,0
2019-05-24,Referral,14,57.14285714285714,0,0,0
2019-05-24,Social,147,61.224489795918366,0,0,0
2019-05-25,(Other),40,90,0,0,0
2019-05-25,Direct,90,74.44444444444444,0,0,0
2019-05-25,Organic Search,87,57.47126436781609,56,0,0
2019-05-25,Paid Search,52,44.230769230769226,0,0,1.9230769230769231
2019-05-25,Referral,6,66.66666666666666,0,0,0
2019-05-25,Social,219,70.77625570776256,0,0,0
2019-05-26,(Other),36,91.66666666666666,0,0,0
2019-05-26,Direct,34,76.47058823529412,0,0,0
2019-05-26,Display,1,0,0,0,0
2019-05-26,Organic Search,78,55.12820512820513,50,1.282051282051282,1.282051282051282
2019-05-26,Paid Search,56,51.78571428571429,0,0,0
2019-05-26,Referral,5,40,0,0,0
2019-05-26,Social,90,61.111111111111114,0,0,0
2019-05-27,(Other),30,96.66666666666667,0,0,0
2019-05-27,Direct,74,62.16216216216216,0,0,1.3513513513513513
2019-05-27,Organic Search,133,45.86466165413533,101,0,0.7518796992481203
2019-05-27,Paid Search,74,43.24324324324324,0,0,1.3513513513513513
2019-05-27,Referral,7,42.857142857142854,0,0,0
2019-05-27,Social,83,78.3132530120482,0,0,0
2019-05-28,(Other),29,89.65517241379311,0,0,0
2019-05-28,Direct,67,52.23880597014925,0,0,0
2019-05-28,Email,82,54.87804878048781,0,0,0
2019-05-28,Organic Search,162,45.67901234567901,110,0,1.2345679012345678
2019-05-28,Paid Search,78,42.30769230769231,0,0,1.282051282051282
2019-05-28,Referral,20,40,0,0,5
2019-05-28,Social,57,68.42105263157895,0,1.7543859649122806,1.7543859649122806
2019-05-29,(Other),18,94.44444444444444,0,0,0
2019-05-29,Direct,50,70,0,0,0
2019-05-29,Email,44,77.27272727272727,0,0,0
2019-05-29,Organic Search,246,45.1219512195122,174,0,0
2019-05-29,Paid Search,16,56.25,0,0,0
2019-05-29,Referral,20,70,0,0,0
2019-05-29,Social,50,64,0,0,0
2019-05-30,(Other),23,100,0,0,0
2019-05-30,Direct,73,69.86301369863014,0,0,1.36986301369863
2019-05-30,Email,20,65,0,0,0
2019-05-30,Organic Search,237,43.88185654008439,176,0,0.8438818565400843
2019-05-30,Paid Search,11,63.63636363636363,0,0,0
2019-05-30,Referral,21,23.809523809523807,0,0,0
2019-05-30,Social,36,52.77777777777778,0,0,0
2019-05-31,(Other),19,94.73684210526315,0,0,0
2019-05-31,Direct,41,63.41463414634146,0,0,0
2019-05-31,Email,4,25,0,0,0
2019-05-31,Organic Search,182,42.30769230769231,120,0,1.098901098901099
2019-05-31,Paid Search,3,100,0,0,0
2019-05-31,Referral,13,69.23076923076923,0,0,0
2019-05-31,Social,21,76.19047619047619,0,0,0
2019-06-01,(Other),38,97.36842105263158,0,0,0
2019-06-01,Direct,25,56.00000000000001,0,0,0
2019-06-01,Organic Search,96,60.416666666666664,62,0,1.0416666666666665
2019-06-01,Paid Search,48,45.83333333333333,0,0,0
2019-06-01,Referral,8,50,0,0,0
2019-06-01,Social,7,57.14285714285714,0,0,0
2019-06-02,(Other),39,94.87179487179486,0,0,0
2019-06-02,Direct,22,86.36363636363636,0,0,0
2019-06-02,Organic Search,103,54.36893203883495,67,0,0
2019-06-02,Paid Search,57,47.368421052631575,0,0,1.7543859649122806
2019-06-02,Referral,11,45.45454545454545,0,0,0
2019-06-02,Social,15,60,0,0,0
2019-06-03,(Other),19,78.94736842105263,0,0,0
2019-06-03,Direct,58,72.41379310344827,0,0,0
2019-06-03,Email,7,71.42857142857143,0,0,0
2019-06-03,Organic Search,196,56.12244897959183,134,0,0
2019-06-03,Paid Search,73,39.726027397260275,0,0,1.36986301369863
2019-06-03,Referral,30,50,0,0,3.3333333333333335
2019-06-03,Social,19,63.1578947368421,0,0,0
2019-06-04,(Other),25,88,0,0,0
2019-06-04,Direct,60,58.333333333333336,0,0,0
2019-06-04,Email,3,100,0,0,0
2019-06-04,Organic Search,202,51.98019801980198,127,0,0
2019-06-04,Paid Search,77,29.87012987012987,0,0,1.2987012987012987
2019-06-04,Referral,29,51.724137931034484,0,0,0
2019-06-04,Social,40,52.5,0,2.5,0
2019-06-05,(Other),34,91.17647058823529,0,0,0
2019-06-05,Direct,81,62.96296296296296,0,0,0
2019-06-05,Email,167,62.27544910179641,0,0,0
2019-06-05,Organic Search,193,61.13989637305699,123,0,0
2019-06-05,Paid Search,91,54.94505494505495,0,0,0
2019-06-05,Referral,22,31.818181818181817,0,0,0
2019-06-05,Social,34,67.64705882352942,0,0,0
2019-06-06,(Other),37,94.5945945945946,0,0,0
2019-06-06,Direct,114,78.94736842105263,0,0,0
2019-06-06,Email,28,67.85714285714286,0,0,0
2019-06-06,Organic Search,192,48.95833333333333,131,1.0416666666666665,0
2019-06-06,Paid Search,97,53.608247422680414,0,0,0
2019-06-06,Referral,31,51.61290322580645,0,0,0
2019-06-06,Social,122,76.22950819672131,0,0,0
2019-06-07,(Other),35,94.28571428571428,0,0,0
2019-06-07,Direct,105,75.23809523809524,0,0,0
2019-06-07,Email,14,57.14285714285714,0,0,0
2019-06-07,Organic Search,163,62.57668711656442,110,0,0
2019-06-07,Paid Search,94,55.319148936170215,0,0,0
2019-06-07,Referral,18,72.22222222222221,0,0,0
2019-06-07,Social,100,72,0,0,0
2019-06-08,(Other),29,86.20689655172413,0,0,0
2019-06-08,Direct,72,76.38888888888889,0,0,0
2019-06-08,Email,5,40,0,0,0
2019-06-08,Organic Search,81,55.55555555555556,50,0,0
2019-06-08,Paid Search,53,58.490566037735846,0,0,0
2019-06-08,Referral,14,57.14285714285714,0,7.142857142857142,0
2019-06-08,Social,76,68.42105263157895,0,0,0
2019-06-09,(Other),40,82.5,0,0,0
2019-06-09,Direct,42,76.19047619047619,0,0,0
2019-06-09,Email,85,63.52941176470588,0,2.3529411764705883,0
2019-06-09,Organic Search,101,48.51485148514851,70,0,0
2019-06-09,Paid Search,66,54.54545454545454,0,0,0
2019-06-09,Referral,9,44.44444444444444,0,0,0
2019-06-09,Social,41,80.48780487804879,0,0,0
2019-06-10,(Other),32,84.375,0,0,0
2019-06-10,Direct,83,68.67469879518072,0,0,0
2019-06-10,Display,1,0,0,0,0
2019-06-10,Email,38,50,0,2.631578947368421,0
2019-06-10,Organic Search,147,59.183673469387756,100,0,0
2019-06-10,Paid Search,87,37.93103448275862,0,0,0
2019-06-10,Referral,8,62.5,0,0,0
2019-06-10,Social,72,65.27777777777779,0,0,0
2019-06-11,(Other),52,96.15384615384616,0,0,0
2019-06-11,Direct,95,64.21052631578948,0,0,0
2019-06-11,Email,18,66.66666666666666,0,0,0
2019-06-11,Organic Search,213,56.33802816901409,146,0,0
2019-06-11,Paid Search,80,41.25,0,0,0
2019-06-11,Referral,27,55.55555555555556,0,0,0
2019-06-11,Social,57,64.91228070175438,0,0,0
2019-06-12,(Other),33,87.87878787878788,0,0,0
2019-06-12,Direct,94,58.51063829787234,0,0,0
2019-06-12,Email,13,46.15384615384615,0,0,0
2019-06-12,Organic Search,170,60,119,0,0
2019-06-12,Paid Search,102,49.01960784313725,0,0,0
2019-06-12,Referral,15,66.66666666666666,0,0,0
2019-06-12,Social,70,71.42857142857143,0,0,0
2019-06-13,(Other),20,90,0,0,0
2019-06-13,Direct,102,59.80392156862745,0,0,0
2019-06-13,Email,43,72.09302325581395,0,0,0
2019-06-13,Organic Search,184,54.891304347826086,133,0,0
2019-06-13,Paid Search,117,50.427350427350426,0,0,0.8547008547008548
2019-06-13,Referral,16,62.5,0,0,0
2019-06-13,Social,55,63.63636363636363,0,0,0
2019-06-14,(Other),32,90.625,0,0,0
2019-06-14,Direct,85,62.35294117647059,0,0,0
2019-06-14,Email,16,75,0,0,0
2019-06-14,Organic Search,137,59.854014598540154,108,0,0
2019-06-14,Paid Search,66,46.96969696969697,0,0,1.5151515151515151
2019-06-14,Referral,23,43.47826086956522,0,0,0
2019-06-14,Social,38,57.89473684210527,0,0,0
2019-06-15,(Other),63,88.88888888888889,0,0,0
2019-06-15,Direct,70,81.42857142857143,0,0,0
2019-06-15,Email,7,71.42857142857143,0,0,0
2019-06-15,Organic Search,92,54.347826086956516,61,0,0
2019-06-15,Paid Search,63,46.03174603174603,0,1.5873015873015872,1.5873015873015872
2019-06-15,Referral,8,50,0,0,0
2019-06-15,Social,26,76.92307692307693,0,0,0
2019-06-16,(Other),35,88.57142857142857,0,0,0
2019-06-16,Direct,65,69.23076923076923,0,0,0
2019-06-16,Email,3,66.66666666666666,0,0,0
2019-06-16,Organic Search,110,51.81818181818182,73,0.9090909090909091,0.9090909090909091
2019-06-16,Paid Search,72,58.333333333333336,0,1.3888888888888888,0
2019-06-16,Referral,8,37.5,0,0,0
2019-06-16,Social,35,74.28571428571429,0,0,0
2019-06-17,(Other),39,97.43589743589743,0,0,0
2019-06-17,Direct,129,58.91472868217055,0,0.7751937984496124,0
2019-06-17,Email,6,83.33333333333334,0,0,0
2019-06-17,Organic Search,189,45.5026455026455,141,1.0582010582010581,0
2019-06-17,Paid Search,128,50,0,0.78125,0.78125
2019-06-17,Referral,25,60,0,0,0
2019-06-17,Social,74,79.72972972972973,0,0,0
2019-06-18,(Other),39,84.61538461538461,0,0,0
2019-06-18,Direct,112,66.07142857142857,0,0.8928571428571428,0
2019-06-18,Email,2,100,0,0,0
2019-06-18,Organic Search,168,54.166666666666664,130,0,0.5952380952380952
2019-06-18,Paid Search,105,54.285714285714285,0,0.9523809523809524,0
2019-06-18,Referral,20,60,0,5,0
2019-06-18,Social,161,73.29192546583852,0,0,0
2019-06-19,(Other),46,95.65217391304348,0,0,0
2019-06-19,Direct,92,68.47826086956522,0,0,1.0869565217391304
2019-06-19,Display,1,100,0,0,0
2019-06-19,Email,4,100,0,0,0
2019-06-19,Organic Search,200,54.50000000000001,146,0.5,0
2019-06-19,Paid Search,87,48.275862068965516,0,1.1494252873563218,1.1494252873563218
2019-06-19,Referral,30,43.333333333333336,0,0,0
2019-06-19,Social,63,63.49206349206349,0,0,1.5873015873015872
2019-06-20,(Other),35,97.14285714285714,0,0,0
2019-06-20,Direct,98,59.183673469387756,0,0,0
2019-06-20,Email,3,66.66666666666666,0,0,0
2019-06-20,Organic Search,186,53.2258064516129,122,0,0
2019-06-20,Paid Search,92,55.434782608695656,0,0,0
2019-06-20,Referral,15,60,0,0,0
2019-06-20,Social,141,65.95744680851064,0,0,0
2019-06-21,(Other),46,91.30434782608695,0,0,0
2019-06-21,Direct,101,80.19801980198021,0,0,0
2019-06-21,Email,79,64.55696202531645,0,2.5316455696202533,1.2658227848101267
2019-06-21,Organic Search,147,55.10204081632652,101,0,2.0408163265306123
2019-06-21,Paid Search,73,60.273972602739725,0,0,0
2019-06-21,Referral,17,47.05882352941176,0,0,0
2019-06-21,Social,118,66.10169491525424,0,0,0
2019-06-22,(Other),27,85.18518518518519,0,0,0
2019-06-22,Direct,72,87.5,0,0,0
2019-06-22,Email,19,57.89473684210527,0,0,5.263157894736842
2019-06-22,Organic Search,87,49.42528735632184,67,0,0
2019-06-22,Paid Search,74,58.108108108108105,0,0,0
2019-06-22,Referral,11,45.45454545454545,0,0,0
2019-06-22,Social,82,54.87804878048781,0,0,0
2019-06-23,(Other),41,87.8048780487805,0,0,0
2019-06-23,Direct,90,73.33333333333333,0,0,0
2019-06-23,Email,9,66.66666666666666,0,0,0
2019-06-23,Organic Search,114,57.89473684210527,80,0,0.8771929824561403
2019-06-23,Paid Search,66,63.63636363636363,0,0,0
2019-06-23,Referral,7,71.42857142857143,0,0,0
2019-06-23,Social,71,61.97183098591549,0,0,0
2019-06-24,(Other),40,92.5,0,0,0
2019-06-24,Direct,148,66.21621621621621,0,0,0
2019-06-24,Email,19,63.1578947368421,0,0,0
2019-06-24,Organic Search,192,45.83333333333333,116,1.0416666666666665,0
2019-06-24,Paid Search,88,48.86363636363637,0,0,0
2019-06-24,Referral,9,55.55555555555556,0,0,0
2019-06-24,Social,63,63.49206349206349,0,0,0
2019-06-25,(Other),32,96.875,0,0,0
2019-06-25,Direct,118,69.49152542372882,0,0,0
2019-06-25,Email,6,50,0,0,0
2019-06-25,Organic Search,219,53.42465753424658,147,0,0.45662100456621
2019-06-25,Paid Search,91,48.35164835164835,0,0,0
2019-06-25,Referral,18,44.44444444444444,0,0,5.555555555555555
2019-06-25,Social,38,50,0,2.631578947368421,2.631578947368421
2019-06-26,(Other),49,91.83673469387756,0,0,0
2019-06-26,Direct,75,68,0,0,0
2019-06-26,Email,7,85.71428571428571,0,0,0
2019-06-26,Organic Search,234,44.871794871794876,162,0,1.282051282051282
2019-06-26,Paid Search,18,72.22222222222221,0,0,0
2019-06-26,Referral,10,70,0,0,0
2019-06-26,Social,53,69.81132075471697,0,0,0
2019-06-27,(Other),37,97.2972972972973,0,0,0
2019-06-27,Direct,99,66.66666666666666,0,0,0
2019-06-27,Email,6,16.666666666666664,0,0,16.666666666666664
2019-06-27,Organic Search,229,48.90829694323144,160,0.43668122270742354,1.7467248908296942
2019-06-27,Paid Search,16,81.25,0,0,0
2019-06-27,Referral,20,60,0,0,0
2019-06-27,Social,30,73.33333333333333,0,0,0
2019-06-28,(Other),45,82.22222222222221,0,0,0
2019-06-28,Direct,88,70.45454545454545,0,0,0
2019-06-28,Organic Search,169,47.337278106508876,122,0.591715976331361,0.591715976331361
2019-06-28,Paid Search,13,69.23076923076923,0,0,0
2019-06-28,Referral,19,42.10526315789473,0,10.526315789473683,0
2019-06-28,Social,31,74.19354838709677,0,0,0
2019-06-29,(Other),60,93.33333333333333,0,0,0
2019-06-29,Direct,70,72.85714285714285,0,0,1.4285714285714286
2019-06-29,Email,1,100,0,0,0
2019-06-29,Organic Search,97,60.824742268041234,56,1.0309278350515463,0
2019-06-29,Paid Search,16,93.75,0,0,0
2019-06-29,Referral,5,20,0,0,0
2019-06-29,Social,25,76,0,0,0
2019-06-30,(Other),43,88.37209302325581,0,0,0
2019-06-30,Direct,86,62.7906976744186,0,0,2.3255813953488373
2019-06-30,Email,1,0,0,0,0
2019-06-30,Organic Search,104,50.96153846153846,75,0,0
2019-06-30,Paid Search,6,100,0,0,0
2019-06-30,Referral,11,54.54545454545454,0,0,0
2019-06-30,Social,29,37.93103448275862,0,0,0
2019-07-01,(Other),50,96,0,0,0
2019-07-01,Direct,132,59.84848484848485,0,1.5151515151515151,0.7575757575757576
2019-07-01,Email,3,33.33333333333333,0,0,0
2019-07-01,Organic Search,184,50,123,0,0
2019-07-01,Paid Search,76,34.21052631578947,0,0,0
2019-07-01,Referral,137,41.605839416058394,0,0.7299270072992701,0
2019-07-01,Social,34,52.94117647058824,0,0,2.941176470588235
2019-07-02,(Other),39,97.43589743589743,0,0,0
2019-07-02,Direct,105,69.52380952380952,0,0,0
2019-07-02,Email,3,66.66666666666666,0,0,0
2019-07-02,Organic Search,219,40.63926940639269,137,1.36986301369863,0.45662100456621
2019-07-02,Paid Search,77,66.23376623376623,0,0,0
2019-07-02,Referral,74,55.4054054054054,0,0,0
2019-07-02,Social,40,52.5,0,0,2.5
2019-07-03,(Other),51,100,0,0,0
2019-07-03,Direct,103,64.07766990291263,0,0,0
2019-07-03,Email,3,100,0,0,0
2019-07-03,Organic Search,205,48.78048780487805,137,0,0
2019-07-03,Paid Search,80,50,0,2.5,0
2019-07-03,Referral,57,54.385964912280706,0,1.7543859649122806,1.7543859649122806
2019-07-03,Social,33,66.66666666666666,0,0,0
2019-07-04,(Other),47,95.74468085106383,0,0,0
2019-07-04,Direct,115,57.391304347826086,0,0,0.8695652173913043
2019-07-04,Email,13,69.23076923076923,0,0,0
2019-07-04,Organic Search,190,53.1578947368421,122,1.0526315789473684,0
2019-07-04,Paid Search,108,46.2962962962963,0,0,0
2019-07-04,Referral,34,52.94117647058824,0,0,0
2019-07-04,Social,64,64.0625,0,3.125,0
2019-07-05,(Other),34,88.23529411764706,0,0,0
2019-07-05,Direct,112,73.21428571428571,0,0,0
2019-07-05,Email,6,0,0,0,0
2019-07-05,Organic Search,173,55.49132947976878,124,0,1.1560693641618496
2019-07-05,Paid Search,98,47.95918367346938,0,0,0
2019-07-05,Referral,22,40.909090909090914,0,0,0
2019-07-05,Social,55,69.0909090909091,0,0,0
2019-07-06,(Other),39,94.87179487179486,0,0,0
2019-07-06,Direct,81,82.71604938271605,0,0,0
2019-07-06,Organic Search,84,55.952380952380956,54,0,0
2019-07-06,Paid Search,67,58.2089552238806,0,0,0
2019-07-06,Referral,5,80,0,0,0
2019-07-06,Social,26,73.07692307692307,0,0,0
2019-07-07,(Other),35,85.71428571428571,0,0,0
2019-07-07,Direct,58,75.86206896551724,0,0,0
2019-07-07,Email,3,66.66666666666666,0,0,0
2019-07-07,Organic Search,93,66.66666666666666,69,0,0
2019-07-07,Paid Search,65,52.307692307692314,0,0,0
2019-07-07,Referral,6,50,0,0,0
2019-07-07,Social,28,78.57142857142857,0,0,0
2019-07-08,(Other),47,89.36170212765957,0,0,0
2019-07-08,Direct,81,71.60493827160494,0,0,0
2019-07-08,Email,5,60,0,0,0
2019-07-08,Organic Search,182,56.59340659340659,129,1.098901098901099,0
2019-07-08,Paid Search,112,43.75,0,0,0.8928571428571428
2019-07-08,Referral,27,62.96296296296296,0,0,0
2019-07-08,Social,56,57.14285714285714,0,0,0
2019-07-09,(Other),44,86.36363636363636,0,0,0
2019-07-09,Direct,102,77.45098039215686,0,0,0
2019-07-09,Email,5,60,0,20,20
2019-07-09,Organic Search,203,57.635467980295566,141,0.49261083743842365,0
2019-07-09,Paid Search,115,41.73913043478261,0,0,0.8695652173913043
2019-07-09,Referral,32,50,0,0,0
2019-07-09,Social,40,70,0,0,0
2019-07-10,(Other),36,91.66666666666666,0,0,0
2019-07-10,Direct,109,65.13761467889908,0,0,0.9174311926605505
2019-07-10,Email,2,50,0,0,0
2019-07-10,Organic Search,249,58.23293172690763,156,1.6064257028112447,0
2019-07-10,Paid Search,77,51.94805194805194,0,1.2987012987012987,0
2019-07-10,Referral,16,37.5,0,0,0
2019-07-10,Social,63,74.60317460317461,0,0,1.5873015873015872
2019-07-11,(Other),33,87.87878787878788,0,0,0
2019-07-11,Direct,78,64.1025641025641,0,0,0
2019-07-11,Display,1,100,0,0,0
2019-07-11,Email,3,66.66666666666666,0,0,0
2019-07-11,Organic Search,177,59.887005649717516,114,0,0
2019-07-11,Paid Search,93,39.784946236559136,0,1.0752688172043012,1.0752688172043012
2019-07-11,Referral,18,83.33333333333334,0,0,0
2019-07-11,Social,66,53.03030303030303,0,0,1.5151515151515151
2019-07-12,(Other),42,92.85714285714286,0,0,0
2019-07-12,Direct,110,78.18181818181819,0,0,0
2019-07-12,Email,52,65.38461538461539,0,0,0
2019-07-12,Organic Search,129,48.06201550387597,85,0,0
2019-07-12,Paid Search,73,35.61643835616438,0,0,0
2019-07-12,Referral,18,50,0,0,0
2019-07-12,Social,42,61.904761904761905,0,2.380952380952381,0
2019-07-13,(Other),67,88.05970149253731,0,0,0
2019-07-13,Direct,80,82.5,0,0,0
2019-07-13,Display,1,0,0,0,0
2019-07-13,Email,10,40,0,0,0
2019-07-13,Organic Search,112,58.03571428571429,72,1.7857142857142856,0.8928571428571428
2019-07-13,Paid Search,47,42.5531914893617,0,0,0
2019-07-13,Referral,8,12.5,0,12.5,0
2019-07-13,Social,21,66.66666666666666,0,0,0
2019-07-14,(Other),46,89.13043478260869,0,0,0
2019-07-14,Direct,80,82.5,0,0,0
2019-07-14,Email,7,42.857142857142854,0,0,0
2019-07-14,Organic Search,90,60,62,2.2222222222222223,0
2019-07-14,Paid Search,49,38.775510204081634,0,0,0
2019-07-14,Referral,5,60,0,0,0
2019-07-14,Social,17,58.82352941176471,0,0,0
2019-07-15,(Other),48,89.58333333333334,0,0,0
2019-07-15,Direct,108,69.44444444444444,0,0.9259259259259258,0
2019-07-15,Email,5,40,0,0,0
2019-07-15,Organic Search,193,48.18652849740933,135,1.0362694300518136,0
2019-07-15,Paid Search,80,21.25,0,2.5,0
2019-07-15,Referral,15,46.666666666666664,0,6.666666666666667,0
2019-07-15,Social,37,72.97297297297297,0,0,0
2019-07-16,(Other),48,95.83333333333334,0,0,0
2019-07-16,Direct,100,69,0,2,1
2019-07-16,Display,2,50,0,0,0
2019-07-16,Email,7,28.57142857142857,0,14.285714285714285,0
2019-07-16,Organic Search,166,57.22891566265061,108,0,0
2019-07-16,Paid Search,102,34.31372549019608,0,0.9803921568627451,0
2019-07-16,Referral,15,46.666666666666664,0,0,0
2019-07-16,Social,41,82.92682926829268,0,0,0
2019-07-17,(Other),36,88.88888888888889,0,0,0
2019-07-17,Direct,96,71.875,0,0,0
2019-07-17,Display,1,0,0,0,0
2019-07-17,Email,4,75,0,0,0
2019-07-17,Organic Search,206,49.029126213592235,134,0,0
2019-07-17,Paid Search,84,33.33333333333333,0,1.1904761904761905,1.1904761904761905
2019-07-17,Referral,13,30.76923076923077,0,0,0
2019-07-17,Social,84,75,0,0,0
2019-07-18,(Other),36,94.44444444444444,0,0,0
2019-07-18,Direct,114,79.82456140350878,0,0,0
2019-07-18,Display,2,0,0,0,0
2019-07-18,Email,4,75,0,0,0
2019-07-18,Organic Search,204,43.13725490196079,147,0.49019607843137253,0
2019-07-18,Paid Search,46,32.608695652173914,0,0,0
2019-07-18,Referral,32,43.75,0,0,0
2019-07-18,Social,62,62.903225806451616,0,0,0
2019-07-19,(Other),54,88.88888888888889,0,0,0
2019-07-19,Direct,91,83.51648351648352,0,2.197802197802198,0
2019-07-19,Email,4,50,0,0,0
2019-07-19,Organic Search,189,51.85185185185185,136,0.5291005291005291,0
2019-07-19,Paid Search,46,47.82608695652174,0,2.1739130434782608,2.1739130434782608
2019-07-19,Referral,22,59.09090909090909,0,0,0
2019-07-19,Social,41,63.41463414634146,0,0,0
2019-07-20,(Other),53,94.33962264150944,0,0,0
2019-07-20,Direct,88,82.95454545454545,0,0,0
2019-07-20,Organic Search,115,62.60869565217392,72,1.7391304347826086,0
2019-07-20,Paid Search,60,48.333333333333336,0,1.6666666666666667,0
2019-07-20,Referral,13,69.23076923076923,0,0,0
2019-07-20,Social,35,60,0,0,0
2019-07-21,(Other),44,84.0909090909091,0,0,0
2019-07-21,Direct,68,83.82352941176471,0,0,0
2019-07-21,Email,5,60,0,20,0
2019-07-21,Organic Search,107,57.009345794392516,71,0,0.9345794392523363
2019-07-21,Paid Search,46,28.26086956521739,0,2.1739130434782608,0
2019-07-21,Referral,8,75,0,0,0
2019-07-21,Social,28,64.28571428571429,0,0,0
2019-07-22,(Other),49,87.75510204081633,0,0,0
2019-07-22,Direct,82,71.95121951219512,0,0,0
2019-07-22,Email,3,100,0,0,0
2019-07-22,Organic Search,217,56.22119815668203,161,0.4608294930875576,0.4608294930875576
2019-07-22,Paid Search,61,32.78688524590164,0,0,1.639344262295082
2019-07-22,Referral,22,36.36363636363637,0,4.545454545454546,0
2019-07-22,Social,34,64.70588235294117,0,0,0
2019-07-23,(Other),43,86.04651162790698,0,0,0
2019-07-23,Direct,91,73.62637362637363,0,1.098901098901099,0
2019-07-23,Organic Search,195,46.666666666666664,128,1.0256410256410255,0.5128205128205128
2019-07-23,Paid Search,45,51.11111111111111,0,0,0
2019-07-23,Referral,15,53.333333333333336,0,0,0
2019-07-23,Social,31,41.935483870967744,0,0,0
2019-07-24,(Other),42,90.47619047619048,0,0,0
2019-07-24,Direct,85,60,0,0,0
2019-07-24,Email,1,100,0,0,0
2019-07-24,Organic Search,230,48.26086956521739,161,0.8695652173913043,0.8695652173913043
2019-07-24,Paid Search,43,37.2093023255814,0,2.3255813953488373,0
2019-07-24,Referral,20,75,0,0,0
2019-07-24,Social,41,68.29268292682927,0,0,0
2019-07-25,Direct,83,62.65060240963856,0,1.2048192771084338,0
2019-07-25,Email,4,75,0,0,0
2019-07-25,Organic Search,196,48.97959183673469,130,0.5102040816326531,1.0204081632653061
2019-07-25,Paid Search,40,50,0,0,0
2019-07-25,Referral,22,50,0,0,0
2019-07-25,Social,59,66.10169491525424,0,0,0
2019-07-26,Direct,69,72.46376811594203,0,0,0
2019-07-26,Email,1,0,0,0,0
2019-07-26,Organic Search,157,47.77070063694268,115,0,0
2019-07-26,Paid Search,29,44.827586206896555,0,0,0
2019-07-26,Referral,14,71.42857142857143,0,0,0
2019-07-26,Social,40,77.5,0,0,0
2019-07-27,(Other),1,100,0,0,0
2019-07-27,Direct,36,63.888888888888886,0,2.7777777777777777,0
2019-07-27,Email,2,50,0,0,0
2019-07-27,Organic Search,87,59.77011494252874,51,1.1494252873563218,0
2019-07-27,Paid Search,32,43.75,0,0,0
2019-07-27,Referral,7,57.14285714285714,0,0,0
2019-07-27,Social,22,54.54545454545454,0,0,0
2019-07-28,Direct,38,52.63157894736842,0,2.631578947368421,0
2019-07-28,Display,6,50,0,0,0
2019-07-28,Email,2,50,0,0,0
2019-07-28,Organic Search,94,57.446808510638306,68,1.0638297872340425,0
2019-07-28,Paid Search,34,26.47058823529412,0,0,0
2019-07-28,Referral,13,61.53846153846154,0,7.6923076923076925,0
2019-07-28,Social,12,41.66666666666667,0,0,0
2019-07-29,(Other),1,0,0,0,0
2019-07-29,Direct,48,62.5,0,0,0
2019-07-29,Display,3,100,0,0,0
2019-07-29,Organic Search,167,49.700598802395206,116,0.5988023952095809,1.1976047904191618
2019-07-29,Paid Search,57,31.57894736842105,0,0,5.263157894736842
2019-07-29,Referral,16,56.25,0,0,0
2019-07-29,Social,16,50,0,0,0
2019-07-30,Direct,86,61.627906976744185,0,0,0
2019-07-30,Display,6,66.66666666666666,0,0,0
2019-07-30,Email,3,66.66666666666666,0,0,0
2019-07-30,Organic Search,182,45.05494505494506,135,0.5494505494505495,0
2019-07-30,Paid Search,107,31.775700934579437,0,0.9345794392523363,0
2019-07-30,Referral,25,64,0,0,0
2019-07-30,Social,33,51.515151515151516,0,0,0
2019-07-31,Direct,82,58.536585365853654,0,0,0
2019-07-31,Display,3,66.66666666666666,0,0,0
2019-07-31,Email,3,33.33333333333333,0,0,0
2019-07-31,Organic Search,189,53.43915343915344,137,0.5291005291005291,0
2019-07-31,Paid Search,69,36.231884057971016,0,0,0
2019-07-31,Referral,12,83.33333333333334,0,0,0
2019-07-31,Social,36,77.77777777777779,0,0,0
2019-08-01,(Other),1,0,0,0,0
2019-08-01,Direct,114,67.54385964912281,0,0.8771929824561403,0
2019-08-01,Display,9,77.77777777777779,0,0,0
2019-08-01,Organic Search,187,48.663101604278076,140,0,1.6042780748663104
2019-08-01,Paid Search,84,44.047619047619044,0,0,0
2019-08-01,Referral,35,42.857142857142854,0,0,2.857142857142857
2019-08-01,Social,81,46.913580246913575,0,3.7037037037037033,0
2019-08-02,Direct,113,69.02654867256636,0,0.8849557522123894,0
2019-08-02,Display,6,83.33333333333334,0,0,0
2019-08-02,Organic Search,167,50.29940119760479,123,1.7964071856287425,0
2019-08-02,Paid Search,67,26.865671641791046,0,0,0
2019-08-02,Referral,21,42.857142857142854,0,0,0
2019-08-02,Social,64,62.5,0,0,3.125
2019-08-03,Direct,71,73.23943661971832,0,0,1.4084507042253522
2019-08-03,Display,5,80,0,0,0
2019-08-03,Organic Search,93,58.06451612903226,57,0,0
2019-08-03,Paid Search,30,33.33333333333333,0,0,0
2019-08-03,Referral,8,50,0,0,0
2019-08-03,Social,50,54,0,0,0
2019-08-04,(Other),1,100,0,0,0
2019-08-04,Direct,67,71.64179104477611,0,0,1.4925373134328357
2019-08-04,Display,4,75,0,0,0
2019-08-04,Email,1,100,0,0,0
2019-08-04,Organic Search,122,57.377049180327866,82,0.819672131147541,0.819672131147541
2019-08-04,Paid Search,57,35.08771929824561,0,0,3.508771929824561
2019-08-04,Referral,5,60,0,0,0
2019-08-04,Social,66,62.121212121212125,0,1.5151515151515151,0
2019-08-05,(Other),1,100,0,0,0
2019-08-05,Direct,63,55.55555555555556,0,0,0
2019-08-05,Display,5,80,0,0,0
2019-08-05,Email,1,100,0,0,0
2019-08-05,Organic Search,198,54.04040404040404,146,0,0.5050505050505051
2019-08-05,Paid Search,38,42.10526315789473,0,2.631578947368421,0
2019-08-05,Referral,21,85.71428571428571,0,0,0
2019-08-05,Social,19,73.68421052631578,0,0,0
2019-08-06,(Other),2,0,0,0,0
2019-08-06,Direct,81,69.1358024691358,0,0,0
2019-08-06,Display,1,0,0,0,0
2019-08-06,Organic Search,280,46.07142857142857,182,0.7142857142857143,0.35714285714285715
2019-08-06,Paid Search,12,58.333333333333336,0,0,0
2019-08-06,Referral,29,55.172413793103445,0,0,0
2019-08-06,Social,32,53.125,0,0,0
2019-08-07,Direct,102,63.725490196078425,0,0.9803921568627451,0
2019-08-07,Display,2,100,0,0,0
2019-08-07,Email,10,70,0,0,0
2019-08-07,Organic Search,212,52.358490566037744,146,0.9433962264150944,0
2019-08-07,Paid Search,74,31.08108108108108,0,1.3513513513513513,0
2019-08-07,Referral,24,50,0,4.166666666666666,0
2019-08-07,Social,65,35.38461538461539,0,1.5384615384615385,0
2019-08-08,Direct,104,71.15384615384616,0,0,2.8846153846153846
2019-08-08,Display,2,100,0,0,0
2019-08-08,Email,3,66.66666666666666,0,0,0
2019-08-08,Organic Search,179,54.18994413407822,130,0,0
2019-08-08,Paid Search,102,28.431372549019606,0,0.9803921568627451,0
2019-08-08,Referral,12,33.33333333333333,0,0,0
2019-08-08,Social,53,60.37735849056604,0,1.8867924528301887,1.8867924528301887
2019-08-09,Direct,108,66.66666666666666,0,0.9259259259259258,0
2019-08-09,Email,1,0,0,0,0
2019-08-09,Organic Search,153,56.209150326797385,106,1.3071895424836601,0
2019-08-09,Paid Search,70,35.714285714285715,0,1.4285714285714286,2.857142857142857
2019-08-09,Referral,15,33.33333333333333,0,0,0
2019-08-09,Social,93,68.81720430107528,0,0,0
2019-08-10,Direct,71,70.4225352112676,0,0,0
2019-08-10,Email,1,100,0,0,0
2019-08-10,Organic Search,71,60.56338028169014,47,1.4084507042253522,0
2019-08-10,Paid Search,47,44.680851063829785,0,0,0
2019-08-10,Referral,12,83.33333333333334,0,0,8.333333333333332
2019-08-10,Social,51,62.745098039215684,0,0,0
2019-08-11,Direct,88,69.31818181818183,0,1.1363636363636365,0
2019-08-11,Organic Search,116,53.44827586206896,78,3.4482758620689653,0
2019-08-11,Paid Search,54,33.33333333333333,0,3.7037037037037033,0
2019-08-11,Referral,15,53.333333333333336,0,0,0
2019-08-11,Social,41,51.21951219512195,0,2.4390243902439024,0
2019-08-12,Direct,114,72.80701754385966,0,2.631578947368421,0
2019-08-12,Email,1,0,0,0,0
2019-08-12,Organic Search,195,52.820512820512825,129,1.5384615384615385,1.5384615384615385
2019-08-12,Paid Search,70,47.14285714285714,0,0,0
2019-08-12,Referral,16,43.75,0,0,0
2019-08-12,Social,56,67.85714285714286,0,3.571428571428571,0
2019-08-13,(Other),1,100,0,0,0
2019-08-13,Direct,128,68.75,0,1.5625,0
2019-08-13,Email,3,33.33333333333333,0,0,33.33333333333333
2019-08-13,Organic Search,218,55.04587155963303,149,1.834862385321101,0
2019-08-13,Paid Search,93,36.55913978494624,0,3.225806451612903,1.0752688172043012
2019-08-13,Referral,21,52.38095238095239,0,0,0
2019-08-13,Social,111,72.97297297297297,0,0,0
2019-08-14,(Other),1,0,0,0,0
2019-08-14,Direct,120,70.83333333333334,0,1.6666666666666667,0
2019-08-14,Display,3,100,0,0,0
2019-08-14,Email,3,33.33333333333333,0,0,0
2019-08-14,Organic Search,195,60,133,0,0.5128205128205128
2019-08-14,Paid Search,82,34.146341463414636,0,0,0
2019-08-14,Referral,23,47.82608695652174,0,0,0
2019-08-14,Social,87,72.41379310344827,0,0,0
2019-08-15,Direct,107,71.02803738317756,0,0,0
2019-08-15,Organic Search,175,51.42857142857142,115,0,0
2019-08-15,Paid Search,81,33.33333333333333,0,0,0
2019-08-15,Referral,10,50,0,0,0
2019-08-15,Social,60,50,0,0,1.6666666666666667
2019-08-16,Direct,120,70,0,0,0.8333333333333334
2019-08-16,Organic Search,162,52.46913580246913,112,0,2.4691358024691357
2019-08-16,Paid Search,82,31.70731707317073,0,0,0
2019-08-16,Referral,27,70.37037037037037,0,0,0
2019-08-16,Social,61,68.85245901639344,0,0,0
2019-08-17,Direct,67,73.13432835820896,0,1.4925373134328357,0
2019-08-17,Organic Search,91,61.53846153846154,64,1.098901098901099,2.197802197802198
2019-08-17,Paid Search,40,47.5,0,0,0
2019-08-17,Referral,26,69.23076923076923,0,0,0
2019-08-17,Social,44,63.63636363636363,0,2.272727272727273,0
2019-08-18,(Other),1,0,0,0,100
2019-08-18,Direct,70,71.42857142857143,0,0,0
2019-08-18,Organic Search,122,53.278688524590166,84,0.819672131147541,0.819672131147541
2019-08-18,Paid Search,77,25.97402597402597,0,1.2987012987012987,0
2019-08-18,Referral,16,93.75,0,0,0
2019-08-18,Social,32,56.25,0,3.125,6.25
2019-08-19,Direct,118,81.35593220338984,0,0.847457627118644,1.694915254237288
2019-08-19,Email,2,50,0,0,0
2019-08-19,Organic Search,213,57.74647887323944,149,0,0
2019-08-19,Paid Search,65,44.61538461538462,0,1.5384615384615385,1.5384615384615385
2019-08-19,Referral,26,57.692307692307686,0,0,0
2019-08-19,Social,47,68.08510638297872,0,2.127659574468085,0
2019-08-20,Direct,122,72.95081967213115,0,0,0
2019-08-20,Organic Search,205,51.21951219512195,141,0.975609756097561,0.975609756097561
2019-08-20,Paid Search,52,44.230769230769226,0,1.9230769230769231,1.9230769230769231
2019-08-20,Referral,16,68.75,0,0,0
2019-08-20,Social,29,58.620689655172406,0,3.4482758620689653,3.4482758620689653
2019-08-21,Direct,101,80.19801980198021,0,0,0.9900990099009901
2019-08-21,Organic Search,244,50.409836065573764,170,1.2295081967213115,0.4098360655737705
2019-08-21,Paid Search,52,40.38461538461539,0,0,0
2019-08-21,Referral,18,50,0,0,0
2019-08-21,Social,28,71.42857142857143,0,3.571428571428571,0
2019-08-22,Direct,113,69.02654867256636,0,0,0
2019-08-22,Organic Search,225,46.22222222222222,134,0.4444444444444444,0.4444444444444444
2019-08-22,Paid Search,64,46.875,0,0,1.5625
2019-08-22,Referral,25,52,0,0,0
2019-08-22,Social,50,50,0,2,0
2019-08-23,Direct,80,77.5,0,0,0
2019-08-23,Email,1,0,0,0,0
2019-08-23,Organic Search,178,56.17977528089888,110,1.6853932584269662,0.5617977528089888
2019-08-23,Paid Search,45,37.77777777777778,0,0,6.666666666666667
2019-08-23,Referral,26,61.53846153846154,0,0,0
2019-08-23,Social,25,56.00000000000001,0,0,0
2019-08-24,Direct,82,89.02439024390245,0,0,0
2019-08-24,Email,1,100,0,0,0
2019-08-24,Organic Search,103,56.310679611650485,66,0.9708737864077669,0.9708737864077669
2019-08-24,Paid Search,36,27.77777777777778,0,2.7777777777777777,0
2019-08-24,Referral,3,66.66666666666666,0,0,0
2019-08-24,Social,21,57.14285714285714,0,0,0
2019-08-25,Direct,70,68.57142857142857,0,0,1.4285714285714286
2019-08-25,Email,1,0,0,0,0
2019-08-25,Organic Search,104,50,73,0.9615384615384616,2.8846153846153846
2019-08-25,Paid Search,24,58.333333333333336,0,0,0
2019-08-25,Referral,4,50,0,0,0
2019-08-25,Social,19,73.68421052631578,0,0,5.263157894736842
2019-08-26,Direct,116,62.93103448275862,0,0,0
2019-08-26,Email,3,100,0,0,0
2019-08-26,Organic Search,221,50.2262443438914,144,0.904977375565611,0.4524886877828055
2019-08-26,Paid Search,60,45,0,0,0
2019-08-26,Referral,13,23.076923076923077,0,0,0
2019-08-26,Social,26,57.692307692307686,0,0,0
2019-08-27,Direct,132,68.93939393939394,0,0,0
2019-08-27,Organic Search,305,44.59016393442623,216,0.9836065573770493,0.6557377049180327
2019-08-27,Paid Search,68,42.64705882352941,0,2.941176470588235,2.941176470588235
2019-08-27,Referral,10,30,0,10,0
2019-08-27,Social,33,66.66666666666666,0,0,0
2019-08-28,(Other),1,0,0,0,0
2019-08-28,Direct,98,65.3061224489796,0,0,0
2019-08-28,Organic Search,283,44.16961130742049,183,0.35335689045936397,1.4134275618374559
2019-08-28,Paid Search,66,43.93939393939394,0,1.5151515151515151,1.5151515151515151
2019-08-28,Referral,29,55.172413793103445,0,3.4482758620689653,0
2019-08-28,Social,20,70,0,5,5
2019-08-29,(Other),1,100,0,0,0
2019-08-29,Direct,84,79.76190476190477,0,0,0
2019-08-29,Email,2,100,0,0,0
2019-08-29,Organic Search,276,45.65217391304348,195,0.7246376811594203,0
2019-08-29,Paid Search,46,47.82608695652174,0,0,2.1739130434782608
2019-08-29,Referral,18,27.77777777777778,0,0,0
2019-08-29,Social,32,65.625,0,3.125,0
2019-08-30,Direct,89,74.15730337078652,0,0,0
2019-08-30,Organic Search,240,45,167,0.4166666666666667,0.4166666666666667
2019-08-30,Paid Search,29,51.724137931034484,0,0,0
2019-08-30,Referral,21,47.61904761904761,0,0,0
2019-08-30,Social,19,47.368421052631575,0,0,0
2019-08-31,Direct,80,81.25,0,0,1.25
2019-08-31,Organic Search,146,43.83561643835616,103,2.054794520547945,2.73972602739726
2019-08-31,Paid Search,11,54.54545454545454,0,0,0
2019-08-31,Referral,2,100,0,0,0
2019-08-31,Social,13,53.84615384615385,0,0,7.6923076923076925
2019-09-01,Direct,98,77.55102040816327,0,0,1.0204081632653061
2019-09-01,Display,6,33.33333333333333,0,0,0
2019-09-01,Organic Search,125,46.400000000000006,84,0.8,0.8
2019-09-01,Paid Search,51,25.49019607843137,0,1.9607843137254901,1.9607843137254901
2019-09-01,Referral,10,20,0,0,0
2019-09-01,Social,19,63.1578947368421,0,0,0
2019-09-02,Direct,110,61.81818181818181,0,1.8181818181818181,0
2019-09-02,Display,5,80,0,0,0
2019-09-02,Organic Search,282,49.29078014184397,198,1.4184397163120568,1.4184397163120568
2019-09-02,Paid Search,88,37.5,0,2.272727272727273,4.545454545454546
2019-09-02,Referral,27,59.25925925925925,0,0,0
2019-09-02,Social,22,59.09090909090909,0,0,4.545454545454546
2019-09-03,Direct,140,62.857142857142854,0,1.4285714285714286,1.4285714285714286
2019-09-03,Display,4,25,0,0,0
2019-09-03,Organic Search,284,45.07042253521127,205,0.7042253521126761,1.4084507042253522
2019-09-03,Paid Search,106,34.90566037735849,0,0.9433962264150944,1.8867924528301887
2019-09-03,Referral,25,48,0,4,0
2019-09-03,Social,23,47.82608695652174,0,0,0
2019-09-04,Direct,132,75,0,0,0
2019-09-04,Display,10,60,0,0,0
2019-09-04,Email,2,50,0,0,0
2019-09-04,Organic Search,240,50.83333333333333,156,0.4166666666666667,0.8333333333333334
2019-09-04,Paid Search,131,38.93129770992366,0,1.5267175572519083,2.2900763358778624
2019-09-04,Referral,23,47.82608695652174,0,0,0
2019-09-04,Social,21,61.904761904761905,0,0,0
2019-09-05,Direct,87,63.2183908045977,0,3.4482758620689653,0
2019-09-05,Display,5,60,0,0,0
2019-09-05,Email,1,100,0,0,0
2019-09-05,Organic Search,229,53.275109170305676,149,1.3100436681222707,0
2019-09-05,Paid Search,95,35.78947368421053,0,2.1052631578947367,0
2019-09-05,Referral,27,51.85185185185185,0,0,0
2019-09-05,Social,26,69.23076923076923,0,0,0
2019-09-06,Direct,57,68.42105263157895,0,0,0
2019-09-06,Display,3,33.33333333333333,0,0,0
2019-09-06,Organic Search,174,63.793103448275865,115,0.5747126436781609,0
2019-09-06,Paid Search,99,39.39393939393939,0,3.0303030303030303,1.0101010101010102
2019-09-06,Referral,20,50,0,0,0
2019-09-06,Social,11,45.45454545454545,0,0,0
2019-09-07,Direct,83,83.13253012048193,0,0,0
2019-09-07,Display,5,100,0,0,0
2019-09-07,Organic Search,109,57.798165137614674,72,0.9174311926605505,0
2019-09-07,Paid Search,47,44.680851063829785,0,0,0
2019-09-07,Referral,8,62.5,0,0,0
2019-09-07,Social,5,80,0,0,0
2019-09-08,(Other),2,0,0,50,0
2019-09-08,Direct,71,70.4225352112676,0,1.4084507042253522,1.4084507042253522
2019-09-08,Display,6,83.33333333333334,0,0,0
2019-09-08,Organic Search,103,52.42718446601942,77,0.9708737864077669,0
2019-09-08,Paid Search,80,42.5,0,1.25,1.25
2019-09-08,Referral,12,75,0,0,0
2019-09-08,Social,9,44.44444444444444,0,0,0
2019-09-09,(Other),3,66.66666666666666,0,0,0
2019-09-09,Direct,83,62.65060240963856,0,2.4096385542168677,0
2019-09-09,Display,5,80,0,0,0
2019-09-09,Email,1,100,0,0,0
2019-09-09,Organic Search,230,51.73913043478261,150,1.7391304347826086,0
2019-09-09,Paid Search,119,30.252100840336134,0,3.361344537815126,0
2019-09-09,Referral,15,53.333333333333336,0,6.666666666666667,0
2019-09-09,Social,27,62.96296296296296,0,3.7037037037037033,0
2019-09-10,Direct,76,77.63157894736842,0,0,0
2019-09-10,Display,7,42.857142857142854,0,0,0
2019-09-10,Email,2,50,0,0,0
2019-09-10,Organic Search,218,55.04587155963303,154,1.834862385321101,0
2019-09-10,Paid Search,105,34.285714285714285,0,0.9523809523809524,0
2019-09-10,Referral,17,82.35294117647058,0,0,0
2019-09-10,Social,35,68.57142857142857,0,0,0
2019-09-11,Direct,89,67.41573033707866,0,0,0
2019-09-11,Display,8,62.5,0,0,0
2019-09-11,Email,78,62.82051282051282,0,1.282051282051282,0
2019-09-11,Organic Search,209,50.717703349282296,144,0,0
2019-09-11,Paid Search,124,37.903225806451616,0,0,0.8064516129032258
2019-09-11,Referral,16,75,0,0,0
2019-09-11,Social,44,56.81818181818182,0,0,2.272727272727273
2019-09-12,(Other),3,100,0,0,0
2019-09-12,Direct,111,60.36036036036037,0,0.9009009009009009,0
2019-09-12,Display,4,100,0,0,0
2019-09-12,Email,18,72.22222222222221,0,0,0
2019-09-12,Organic Search,243,57.61316872427984,171,0,0.411522633744856
2019-09-12,Paid Search,142,40.845070422535215,0,0.7042253521126761,0.7042253521126761
2019-09-12,Referral,16,50,0,0,0
2019-09-12,Social,43,69.76744186046511,0,0,4.651162790697675
2019-09-13,(Other),1,100,0,0,0
2019-09-13,Direct,86,63.95348837209303,0,0,0
2019-09-13,Display,3,66.66666666666666,0,0,0
2019-09-13,Email,10,70,0,0,0
2019-09-13,Organic Search,200,51,142,1,2
2019-09-13,Paid Search,122,45.08196721311475,0,0.819672131147541,0.819672131147541
2019-09-13,Referral,14,42.857142857142854,0,0,0
2019-09-13,Social,17,52.94117647058824,0,0,0
2019-09-14,(Other),2,50,0,0,0
2019-09-14,Direct,68,64.70588235294117,0,0,0
2019-09-14,Display,8,50,0,0,0
2019-09-14,Email,3,66.66666666666666,0,0,0
2019-09-14,Organic Search,95,61.05263157894737,64,0,0
2019-09-14,Paid Search,64,45.3125,0,0,3.125
2019-09-14,Referral,5,20,0,0,0
2019-09-14,Social,25,76,0,0,0
2019-09-15,Direct,77,79.22077922077922,0,0,0
2019-09-15,Display,6,100,0,0,0
2019-09-15,Email,2,50,0,0,0
2019-09-15,Organic Search,125,53.6,90,1.6,0.8
2019-09-15,Paid Search,62,45.16129032258064,0,0,0
2019-09-15,Referral,6,100,0,0,0
2019-09-15,Social,25,88,0,0,0
2019-09-16,(Other),1,0,0,0,0
2019-09-16,Direct,107,67.28971962616822,0,0,0.9345794392523363
2019-09-16,Display,9,55.55555555555556,0,0,0
2019-09-16,Email,2,0,0,0,0
2019-09-16,Organic Search,226,53.09734513274337,155,0.8849557522123894,0
2019-09-16,Paid Search,91,53.84615384615385,0,1.098901098901099,0
2019-09-16,Referral,35,57.14285714285714,0,0,0
2019-09-16,Social,27,66.66666666666666,0,3.7037037037037033,0
2019-09-17,(Other),2,0,0,0,0
2019-09-17,Direct,97,78.35051546391753,0,0,0
2019-09-17,Display,9,44.44444444444444,0,0,0
2019-09-17,Email,1,0,0,0,0
2019-09-17,Organic Search,234,49.572649572649574,169,1.282051282051282,0.8547008547008548
2019-09-17,Paid Search,96,37.5,0,1.0416666666666665,2.083333333333333
2019-09-17,Referral,29,62.06896551724138,0,0,0
2019-09-17,Social,36,61.111111111111114,0,5.555555555555555,0
2019-09-18,(Other),2,50,0,0,0
2019-09-18,Direct,97,54.63917525773196,0,1.0309278350515463,0
2019-09-18,Display,6,33.33333333333333,0,0,0
2019-09-18,Email,6,66.66666666666666,0,0,0
2019-09-18,Organic Search,166,59.63855421686747,118,1.2048192771084338,0
2019-09-18,Paid Search,132,48.484848484848484,0,3.0303030303030303,2.272727272727273
2019-09-18,Referral,38,50,0,0,0
2019-09-18,Social,80,56.25,0,0,0
2019-09-19,Direct,129,74.4186046511628,0,0.7751937984496124,0
2019-09-19,Display,1,100,0,0,0
2019-09-19,Email,1,100,0,0,0
2019-09-19,Organic Search,231,58.44155844155844,151,0.4329004329004329,0
2019-09-19,Paid Search,94,52.12765957446809,0,0,1.0638297872340425
2019-09-19,Referral,54,55.55555555555556,0,0,0
2019-09-19,Social,51,82.35294117647058,0,0,0
2019-09-20,(Other),2,0,0,0,0
2019-09-20,Direct,89,85.39325842696628,0,0,0
2019-09-20,Display,1,100,0,0,0
2019-09-20,Email,2,0,0,0,0
2019-09-20,Organic Search,152,53.94736842105263,97,0,0.6578947368421052
2019-09-20,Paid Search,88,50,0,1.1363636363636365,2.272727272727273
2019-09-20,Referral,21,61.904761904761905,0,0,0
2019-09-20,Social,18,50,0,0,0
2019-09-21,Direct,59,72.88135593220339,0,0,1.694915254237288
2019-09-21,Display,5,40,0,0,0
2019-09-21,Email,1,100,0,0,0
2019-09-21,Organic Search,97,45.36082474226804,67,1.0309278350515463,0
2019-09-21,Paid Search,56,51.78571428571429,0,1.7857142857142856,3.571428571428571
2019-09-21,Referral,5,80,0,0,0
2019-09-21,Social,30,66.66666666666666,0,3.3333333333333335,3.3333333333333335
2019-09-22,(Other),1,0,0,0,0
2019-09-22,Direct,95,80,0,0,2.1052631578947367
2019-09-22,Display,10,50,0,0,0
2019-09-22,Email,1,0,0,0,0
2019-09-22,Organic Search,113,55.75221238938053,79,0,0
2019-09-22,Paid Search,64,37.5,0,0,0
2019-09-22,Referral,9,22.22222222222222,0,11.11111111111111,0
2019-09-22,Social,30,66.66666666666666,0,0,3.3333333333333335
2019-09-23,(Other),1,0,0,0,0
2019-09-23,Direct,118,70.33898305084746,0,0.847457627118644,0
2019-09-23,Display,10,60,0,0,0
2019-09-23,Organic Search,222,53.153153153153156,152,0.9009009009009009,0.45045045045045046
2019-09-23,Paid Search,87,39.08045977011494,0,1.1494252873563218,1.1494252873563218
2019-09-23,Referral,24,50,0,0,0
2019-09-23,Social,27,70.37037037037037,0,0,0
2019-09-24,Direct,91,68.13186813186813,0,4.395604395604396,0
2019-09-24,Display,8,50,0,0,0
2019-09-24,Email,1,100,0,0,0
2019-09-24,Organic Search,236,52.96610169491526,168,1.694915254237288,1.2711864406779663
2019-09-24,Paid Search,105,38.095238095238095,0,0,1.9047619047619049
2019-09-24,Referral,33,63.63636363636363,0,0,0
2019-09-24,Social,32,65.625,0,0,0
2019-09-25,Direct,96,61.458333333333336,0,0,1.0416666666666665
2019-09-25,Display,5,60,0,0,0
2019-09-25,Email,3,33.33333333333333,0,0,0
2019-09-25,Organic Search,205,45.85365853658537,133,0.975609756097561,0.975609756097561
2019-09-25,Paid Search,109,43.11926605504588,0,0,0.9174311926605505
2019-09-25,Referral,26,50,0,0,0
2019-09-25,Social,28,57.14285714285714,0,0,0
2019-09-26,(Other),1,100,0,0,0
2019-09-26,Direct,103,73.7864077669903,0,0,0
2019-09-26,Display,9,77.77777777777779,0,0,0
2019-09-26,Organic Search,198,54.04040404040404,131,0.5050505050505051,0.5050505050505051
2019-09-26,Paid Search,85,42.35294117647059,0,0,0
2019-09-26,Referral,20,25,0,0,0
2019-09-26,Social,39,41.02564102564102,0,0,0
2019-09-27,Direct,99,70.70707070707071,0,1.0101010101010102,1.0101010101010102
2019-09-27,Display,2,50,0,0,0
2019-09-27,Organic Search,152,57.89473684210527,95,0.6578947368421052,0
2019-09-27,Paid Search,77,38.961038961038966,0,0,0
2019-09-27,Referral,19,63.1578947368421,0,0,0
2019-09-27,Social,43,37.2093023255814,0,0,0
2019-09-28,Direct,70,68.57142857142857,0,0,0
2019-09-28,Display,1,100,0,0,0
2019-09-28,Organic Search,87,58.620689655172406,49,1.1494252873563218,0
2019-09-28,Paid Search,53,37.735849056603776,0,1.8867924528301887,0
2019-09-28,Referral,1,100,0,0,0
2019-09-28,Social,37,48.64864864864865,0,0,0
2019-09-29,Direct,92,71.73913043478261,0,0,0
2019-09-29,Display,9,33.33333333333333,0,0,0
2019-09-29,Organic Search,108,52.77777777777778,74,0,0
2019-09-29,Paid Search,76,38.15789473684211,0,3.9473684210526314,2.631578947368421
2019-09-29,Referral,6,83.33333333333334,0,0,0
2019-09-29,Social,43,58.139534883720934,0,0,2.3255813953488373
2019-09-30,Direct,99,70.70707070707071,0,0,2.0202020202020203
2019-09-30,Display,10,60,0,0,0
2019-09-30,Email,3,66.66666666666666,0,0,0
2019-09-30,Organic Search,196,58.673469387755105,116,1.0204081632653061,0.5102040816326531
2019-09-30,Paid Search,135,40,0,0,0.7407407407407408
2019-09-30,Referral,23,69.56521739130434,0,0,0
2019-09-30,Social,84,57.14285714285714,0,0,1.1904761904761905
2019-10-01,Direct,100,66,0,0,1
2019-10-01,Display,1,100,0,0,0
2019-10-01,Email,1,0,0,0,0
2019-10-01,Organic Search,204,52.450980392156865,136,0.49019607843137253,0
2019-10-01,Paid Search,117,39.31623931623932,0,1.7094017094017095,0
2019-10-01,Referral,23,65.21739130434783,0,4.3478260869565215,0
2019-10-01,Social,163,76.07361963190185,0,1.2269938650306749,0.6134969325153374
2019-10-02,Direct,89,69.66292134831461,0,1.1235955056179776,0
2019-10-02,Email,5,80,0,0,0
2019-10-02,Organic Search,219,43.83561643835616,147,0,1.36986301369863
2019-10-02,Paid Search,123,43.90243902439025,0,0.8130081300813009,0.8130081300813009
2019-10-02,Referral,22,50,0,0,0
2019-10-02,Social,102,77.45098039215686,0,0.9803921568627451,0.9803921568627451
2019-10-03,Direct,76,57.89473684210527,0,2.631578947368421,0
2019-10-03,Display,1,100,0,0,0
2019-10-03,Email,9,44.44444444444444,0,0,0
2019-10-03,Organic Search,175,48,123,1.1428571428571428,0
2019-10-03,Paid Search,122,39.34426229508197,0,0,0
2019-10-03,Referral,17,52.94117647058824,0,0,0
2019-10-03,Social,144,78.47222222222221,0,0,0
2019-10-04,(Other),1,100,0,0,0
2019-10-04,Direct,78,55.12820512820513,0,1.282051282051282,0
2019-10-04,Email,4,75,0,0,0
2019-10-04,Organic Search,162,48.76543209876543,116,0.6172839506172839,0
2019-10-04,Paid Search,95,46.31578947368421,0,3.1578947368421053,0
2019-10-04,Referral,20,65,0,0,0
2019-10-04,Social,117,75.21367521367522,0,0,0
2019-10-05,Direct,47,63.829787234042556,0,4.25531914893617,0
2019-10-05,Email,1,100,0,0,0
2019-10-05,Organic Search,105,60,66,0.9523809523809524,0
2019-10-05,Paid Search,42,45.23809523809524,0,2.380952380952381,2.380952380952381
2019-10-05,Referral,5,100,0,0,0
2019-10-05,Social,125,84.8,0,0,0
2019-10-06,(Other),3,0,0,0,0
2019-10-06,Direct,41,75.60975609756098,0,0,0
2019-10-06,Organic Search,128,60.9375,79,0.78125,0.78125
2019-10-06,Paid Search,66,43.93939393939394,0,0,0
2019-10-06,Referral,9,77.77777777777779,0,0,0
2019-10-06,Social,156,82.05128205128204,0,1.282051282051282,0
2019-10-07,(Other),1,0,0,0,0
2019-10-07,Direct,149,58.38926174496645,0,1.342281879194631,0
2019-10-07,Email,1,0,0,0,0
2019-10-07,Organic Search,172,54.06976744186046,116,1.1627906976744187,0
2019-10-07,Paid Search,136,44.85294117647059,0,1.4705882352941175,0
2019-10-07,Referral,27,44.44444444444444,0,0,0
2019-10-07,Social,109,80.73394495412845,0,0,0
2019-10-08,Direct,85,63.52941176470588,0,1.1764705882352942,0
2019-10-08,Email,3,33.33333333333333,0,0,0
2019-10-08,Organic Search,196,53.57142857142857,137,0.5102040816326531,0
2019-10-08,Paid Search,108,40.74074074074074,0,3.7037037037037033,0.9259259259259258
2019-10-08,Referral,23,69.56521739130434,0,0,0
2019-10-08,Social,115,81.73913043478261,0,1.7391304347826086,0
